experiment_id,experiment,width_mult,noise_rate,lambda,seed,test_acc,test_error,best_acc,best_error,avg_cos_struct_value,time_seconds,q_experiment,schedule_type,final_acc,final_error,lr,phase_label
Q1a-001,exp_Q1a_finite_size_scaling,0.5,0.4,0.42,0,0.8612,0.13880000000000003,0.8612,0.13880000000000003,-0.18495835013617523,544.6684274673462,Q1_finite_size,,,,,
Q1a-002,exp_Q1a_finite_size_scaling,0.5,0.4,0.42,1,0.8578,0.1422,0.8578,0.1422,-0.1794043767758602,542.0908637046814,Q1_finite_size,,,,,
Q1a-003,exp_Q1a_finite_size_scaling,0.5,0.4,0.42,2,0.8582,0.14180000000000004,0.8582,0.14180000000000004,-0.1693039314787982,543.9503512382507,Q1_finite_size,,,,,
Q1a-004,exp_Q1a_finite_size_scaling,0.5,0.4,0.42,3,0.8618,0.1382,0.862,0.138,-0.17831120202858333,543.4371485710144,Q1_finite_size,,,,,
Q1a-005,exp_Q1a_finite_size_scaling,0.5,0.4,0.42,4,0.8629,0.1371,0.8629,0.1371,-0.16505414037200225,544.1170094013214,Q1_finite_size,,,,,
Q1a-006,exp_Q1a_finite_size_scaling,0.5,0.4,0.42,5,0.8615,0.13849999999999996,0.8615,0.13849999999999996,-0.1758648155213806,544.8016164302826,Q1_finite_size,,,,,
Q1a-007,exp_Q1a_finite_size_scaling,0.5,0.4,0.42,6,0.8625,0.13749999999999996,0.8625,0.13749999999999996,-0.19096016367490531,552.1493089199066,Q1_finite_size,,,,,
Q1a-008,exp_Q1a_finite_size_scaling,0.5,0.4,0.42,7,0.8608,0.1392,0.8608,0.1392,-0.1754023467925703,553.2625896930695,Q1_finite_size,,,,,
Q1a-009,exp_Q1a_finite_size_scaling,0.5,0.4,0.42,8,0.8561,0.14390000000000003,0.8573,0.14270000000000005,-0.17462971437272223,556.5535032749176,Q1_finite_size,,,,,
Q1a-010,exp_Q1a_finite_size_scaling,0.5,0.4,0.42,9,0.8564,0.14359999999999995,0.8564,0.14359999999999995,-0.18671154513579735,556.4305009841919,Q1_finite_size,,,,,
Q1a-011,exp_Q1a_finite_size_scaling,0.5,0.4,0.44,0,0.8453,0.15469999999999995,0.8453,0.15469999999999995,-0.1649146748709668,554.8934059143066,Q1_finite_size,,,,,
Q1a-012,exp_Q1a_finite_size_scaling,0.5,0.4,0.44,1,0.8495,0.15049999999999997,0.8495,0.15049999999999997,-0.18575139069306065,555.9417886734009,Q1_finite_size,,,,,
Q1a-013,exp_Q1a_finite_size_scaling,0.5,0.4,0.44,2,0.8426,0.15739999999999998,0.8426,0.15739999999999998,-0.15640173390401974,574.8640887737274,Q1_finite_size,,,,,
Q1a-014,exp_Q1a_finite_size_scaling,0.5,0.4,0.44,3,0.8454,0.15459999999999996,0.8454,0.15459999999999996,-0.16882365665905774,557.6903610229492,Q1_finite_size,,,,,
Q1a-015,exp_Q1a_finite_size_scaling,0.5,0.4,0.44,4,0.8442,0.15580000000000005,0.8442,0.15580000000000005,-0.1689001274502204,554.8843944072723,Q1_finite_size,,,,,
Q1a-016,exp_Q1a_finite_size_scaling,0.5,0.4,0.44,5,0.8479,0.1521,0.8479,0.1521,-0.17198232970881155,555.2727475166321,Q1_finite_size,,,,,
Q1a-017,exp_Q1a_finite_size_scaling,0.5,0.4,0.44,6,0.8215,0.1785,0.8215,0.1785,-0.13015477187723654,553.3230319023132,Q1_finite_size,,,,,
Q1a-018,exp_Q1a_finite_size_scaling,0.5,0.4,0.44,7,0.857,0.14300000000000002,0.857,0.14300000000000002,-0.1705135194276583,552.5016763210297,Q1_finite_size,,,,,
Q1a-019,exp_Q1a_finite_size_scaling,0.5,0.4,0.44,8,0.847,0.15300000000000002,0.847,0.15300000000000002,-0.16828502293717715,558.5031318664551,Q1_finite_size,,,,,
Q1a-020,exp_Q1a_finite_size_scaling,0.5,0.4,0.44,9,0.8424,0.15759999999999996,0.8424,0.15759999999999996,-0.15565558326194223,556.5285794734955,Q1_finite_size,,,,,
Q1a-021,exp_Q1a_finite_size_scaling,0.5,0.4,0.46,0,0.8094,0.1906,0.8094,0.1906,-0.12248919196580109,553.3906846046448,Q1_finite_size,,,,,
Q1a-022,exp_Q1a_finite_size_scaling,0.5,0.4,0.46,1,0.7872,0.2128,0.7872,0.2128,-0.09524993490896362,554.0486915111542,Q1_finite_size,,,,,
Q1a-023,exp_Q1a_finite_size_scaling,0.5,0.4,0.46,2,0.7959,0.20409999999999995,0.7959,0.20409999999999995,-0.08286151159757851,554.8811876773834,Q1_finite_size,,,,,
Q1a-024,exp_Q1a_finite_size_scaling,0.5,0.4,0.46,3,0.7831,0.21689999999999998,0.7831,0.21689999999999998,-0.09208176272711598,552.3840095996857,Q1_finite_size,,,,,
Q1a-025,exp_Q1a_finite_size_scaling,0.5,0.4,0.46,4,0.7508,0.24919999999999998,0.7508,0.24919999999999998,-0.0977164769709545,553.1357233524323,Q1_finite_size,,,,,
Q1a-026,exp_Q1a_finite_size_scaling,0.5,0.4,0.46,5,0.7934,0.2066,0.7934,0.2066,-0.09962445579916451,554.2514646053314,Q1_finite_size,,,,,
Q1a-027,exp_Q1a_finite_size_scaling,0.5,0.4,0.46,6,0.7895,0.21050000000000002,0.7895,0.21050000000000002,-0.10522291278259888,548.9644107818604,Q1_finite_size,,,,,
Q1a-028,exp_Q1a_finite_size_scaling,0.5,0.4,0.46,7,0.7465,0.25349999999999995,0.7465,0.25349999999999995,-0.07291747074874774,548.7551019191742,Q1_finite_size,,,,,
Q1a-029,exp_Q1a_finite_size_scaling,0.5,0.4,0.46,8,0.731,0.269,0.731,0.269,-0.11008126239522185,550.0876977443695,Q1_finite_size,,,,,
Q1a-030,exp_Q1a_finite_size_scaling,0.5,0.4,0.46,9,0.8037,0.19630000000000003,0.8037,0.19630000000000003,-0.11496545886414777,566.4135091304779,Q1_finite_size,,,,,
Q1a-031,exp_Q1a_finite_size_scaling,0.5,0.4,0.48,0,0.7248,0.2752,0.7248,0.2752,-0.022544890004988254,567.1797795295715,Q1_finite_size,,,,,
Q1a-032,exp_Q1a_finite_size_scaling,0.5,0.4,0.48,1,0.7032,0.29679999999999995,0.7032,0.29679999999999995,-0.039749303384712525,567.9382145404816,Q1_finite_size,,,,,
Q1a-033,exp_Q1a_finite_size_scaling,0.5,0.4,0.48,2,0.5509,0.44910000000000005,0.5509,0.44910000000000005,-0.04033126808225702,569.077029466629,Q1_finite_size,,,,,
Q1a-034,exp_Q1a_finite_size_scaling,0.5,0.4,0.48,3,0.5632,0.43679999999999997,0.5632,0.43679999999999997,-0.03286118673198686,569.1829199790955,Q1_finite_size,,,,,
Q1a-035,exp_Q1a_finite_size_scaling,0.5,0.4,0.48,4,0.6063,0.39370000000000005,0.6063,0.39370000000000005,-0.024741610741047953,569.3436396121979,Q1_finite_size,,,,,
Q1a-036,exp_Q1a_finite_size_scaling,0.5,0.4,0.48,5,0.7649,0.23509999999999998,0.7649,0.23509999999999998,-0.03836162202867408,595.9127643108368,Q1_finite_size,,,,,
Q1a-037,exp_Q1a_finite_size_scaling,0.5,0.4,0.48,6,0.6489,0.35109999999999997,0.6489,0.35109999999999997,-0.027269234411182043,574.5753116607666,Q1_finite_size,,,,,
Q1a-038,exp_Q1a_finite_size_scaling,0.5,0.4,0.48,7,0.7095,0.2905,0.7095,0.2905,-0.009489663456164523,574.4669053554535,Q1_finite_size,,,,,
Q1a-039,exp_Q1a_finite_size_scaling,0.5,0.4,0.48,8,0.7736,0.22640000000000005,0.7736,0.22640000000000005,-0.033863899701118125,578.0211615562439,Q1_finite_size,,,,,
Q1a-040,exp_Q1a_finite_size_scaling,0.5,0.4,0.48,9,0.7628,0.23719999999999997,0.7628,0.23719999999999997,-0.06994735462395639,576.4831600189209,Q1_finite_size,,,,,
Q1a-041,exp_Q1a_finite_size_scaling,0.5,0.4,0.5,0,0.575,0.42500000000000004,0.575,0.42500000000000004,-0.010075582095085672,575.3881363868713,Q1_finite_size,,,,,
Q1a-042,exp_Q1a_finite_size_scaling,0.5,0.4,0.5,1,0.3764,0.6235999999999999,0.3786,0.6214,-0.020912498251513617,577.8675446510315,Q1_finite_size,,,,,
Q1a-043,exp_Q1a_finite_size_scaling,0.5,0.4,0.5,2,0.6323,0.3677,0.6323,0.3677,0.013622288286652682,577.5383350849152,Q1_finite_size,,,,,
Q1a-044,exp_Q1a_finite_size_scaling,0.5,0.4,0.5,3,0.3807,0.6193,0.3807,0.6193,-0.020556861637474978,579.4635107517242,Q1_finite_size,,,,,
Q1a-045,exp_Q1a_finite_size_scaling,0.5,0.4,0.5,4,0.4084,0.5916,0.4084,0.5916,-0.02710347203833612,579.041469335556,Q1_finite_size,,,,,
Q1a-046,exp_Q1a_finite_size_scaling,0.5,0.4,0.5,5,0.7032,0.29679999999999995,0.7032,0.29679999999999995,-0.00241406035438484,572.968719959259,Q1_finite_size,,,,,
Q1a-047,exp_Q1a_finite_size_scaling,0.5,0.4,0.5,6,0.616,0.384,0.616,0.384,0.02259293237533563,573.067640542984,Q1_finite_size,,,,,
Q1a-048,exp_Q1a_finite_size_scaling,0.5,0.4,0.5,7,0.5722,0.42779999999999996,0.5722,0.42779999999999996,-0.003665545721222379,577.1120805740356,Q1_finite_size,,,,,
Q1a-049,exp_Q1a_finite_size_scaling,0.5,0.4,0.5,8,0.6138,0.3862,0.6138,0.3862,-0.044043901208883185,577.3471665382385,Q1_finite_size,,,,,
Q1a-050,exp_Q1a_finite_size_scaling,0.5,0.4,0.5,9,0.5499,0.45009999999999994,0.5499,0.45009999999999994,-0.04774077976441454,575.6704597473145,Q1_finite_size,,,,,
Q1a-051,exp_Q1a_finite_size_scaling,0.5,0.8,0.38,0,0.7552,0.24480000000000002,0.7552,0.24480000000000002,-0.4212980493355058,574.5749356746674,Q1_finite_size,,,,,
Q1a-052,exp_Q1a_finite_size_scaling,0.5,0.8,0.38,1,0.7293,0.27070000000000005,0.7293,0.27070000000000005,-0.42480322950343813,570.7368025779724,Q1_finite_size,,,,,
Q1a-053,exp_Q1a_finite_size_scaling,0.5,0.8,0.38,2,0.7287,0.2713,0.7287,0.2713,-0.40925426759809364,569.5108950138092,Q1_finite_size,,,,,
Q1a-054,exp_Q1a_finite_size_scaling,0.5,0.8,0.38,3,0.7017,0.2983,0.7017,0.2983,-0.4250761108206199,584.4279325008392,Q1_finite_size,,,,,
Q1a-055,exp_Q1a_finite_size_scaling,0.5,0.8,0.38,4,0.753,0.247,0.753,0.247,-0.42562269980085504,576.605101108551,Q1_finite_size,,,,,
Q1a-056,exp_Q1a_finite_size_scaling,0.5,0.8,0.38,5,0.7482,0.2518,0.7482,0.2518,-0.424876570104056,573.7012379169464,Q1_finite_size,,,,,
Q1a-057,exp_Q1a_finite_size_scaling,0.5,0.8,0.38,6,0.7459,0.2541,0.7459,0.2541,-0.41163972054750725,572.3427150249481,Q1_finite_size,,,,,
Q1a-058,exp_Q1a_finite_size_scaling,0.5,0.8,0.38,7,0.712,0.28800000000000003,0.712,0.28800000000000003,-0.4262283504179118,573.8562207221985,Q1_finite_size,,,,,
Q1a-059,exp_Q1a_finite_size_scaling,0.5,0.8,0.38,8,0.6976,0.3024,0.6976,0.3024,-0.43369799396648,573.5297148227692,Q1_finite_size,,,,,
Q1a-060,exp_Q1a_finite_size_scaling,0.5,0.8,0.38,9,0.7497,0.25029999999999997,0.7497,0.25029999999999997,-0.42569253122474415,573.8339059352875,Q1_finite_size,,,,,
Q1a-061,exp_Q1a_finite_size_scaling,0.5,0.8,0.4,0,0.7331,0.2669,0.7331,0.2669,-0.44965635746021343,574.0660047531128,Q1_finite_size,,,,,
Q1a-062,exp_Q1a_finite_size_scaling,0.5,0.8,0.4,1,0.7126,0.2874,0.7126,0.2874,-0.4409223673218499,573.8379082679749,Q1_finite_size,,,,,
Q1a-063,exp_Q1a_finite_size_scaling,0.5,0.8,0.4,2,0.7158,0.2842,0.7158,0.2842,-0.43130137918761713,572.0980129241943,Q1_finite_size,,,,,
Q1a-064,exp_Q1a_finite_size_scaling,0.5,0.8,0.4,3,0.6664,0.3336,0.6664,0.3336,-0.39894052720595424,569.941520690918,Q1_finite_size,,,,,
Q1a-065,exp_Q1a_finite_size_scaling,0.5,0.8,0.4,4,0.6966,0.3034,0.6966,0.3034,-0.4173403474990021,570.7239344120026,Q1_finite_size,,,,,
Q1a-066,exp_Q1a_finite_size_scaling,0.5,0.8,0.4,5,0.7274,0.27259999999999995,0.7274,0.27259999999999995,-0.4261358865284437,569.361718416214,Q1_finite_size,,,,,
Q1a-067,exp_Q1a_finite_size_scaling,0.5,0.8,0.4,6,0.6999,0.30010000000000003,0.6999,0.30010000000000003,-0.3905807494621651,571.7468600273132,Q1_finite_size,,,,,
Q1a-068,exp_Q1a_finite_size_scaling,0.5,0.8,0.4,7,0.712,0.28800000000000003,0.712,0.28800000000000003,-0.4333052852827276,568.8413801193237,Q1_finite_size,,,,,
Q1a-069,exp_Q1a_finite_size_scaling,0.5,0.8,0.4,8,0.6908,0.30920000000000003,0.6908,0.30920000000000003,-0.41500531906403393,571.6915531158447,Q1_finite_size,,,,,
Q1a-070,exp_Q1a_finite_size_scaling,0.5,0.8,0.4,9,0.7264,0.27359999999999995,0.7264,0.27359999999999995,-0.440330237507813,572.7679080963135,Q1_finite_size,,,,,
Q1a-071,exp_Q1a_finite_size_scaling,0.5,0.8,0.42,0,0.6477,0.35229999999999995,0.6477,0.35229999999999995,-0.36631509982586397,580.4388482570648,Q1_finite_size,,,,,
Q1a-072,exp_Q1a_finite_size_scaling,0.5,0.8,0.42,1,0.6326,0.36739999999999995,0.6326,0.36739999999999995,-0.36039924241469373,580.1884577274323,Q1_finite_size,,,,,
Q1a-073,exp_Q1a_finite_size_scaling,0.5,0.8,0.42,2,0.6557,0.34430000000000005,0.6557,0.34430000000000005,-0.35401291118687667,595.7698063850403,Q1_finite_size,,,,,
Q1a-074,exp_Q1a_finite_size_scaling,0.5,0.8,0.42,3,0.5675,0.4325,0.5675,0.4325,-0.39755490065988264,584.4882044792175,Q1_finite_size,,,,,
Q1a-075,exp_Q1a_finite_size_scaling,0.5,0.8,0.42,4,0.6164,0.38360000000000005,0.6164,0.38360000000000005,-0.38691863778455904,580.0889372825623,Q1_finite_size,,,,,
Q1a-076,exp_Q1a_finite_size_scaling,0.5,0.8,0.42,5,0.6418,0.35819999999999996,0.6418,0.35819999999999996,-0.40724775285901954,578.3779184818268,Q1_finite_size,,,,,
Q1a-077,exp_Q1a_finite_size_scaling,0.5,0.8,0.42,6,0.6504,0.3496,0.6504,0.3496,-0.37455936280279933,578.9780027866364,Q1_finite_size,,,,,
Q1a-078,exp_Q1a_finite_size_scaling,0.5,0.8,0.42,7,0.6187,0.3813,0.6187,0.3813,-0.39345870153206314,569.7139031887054,Q1_finite_size,,,,,
Q1a-079,exp_Q1a_finite_size_scaling,0.5,0.8,0.42,8,0.6717,0.32830000000000004,0.6717,0.32830000000000004,-0.4064847675403604,570.412029504776,Q1_finite_size,,,,,
Q1a-080,exp_Q1a_finite_size_scaling,0.5,0.8,0.42,9,0.7162,0.28380000000000005,0.7162,0.28380000000000005,-0.42546358863217276,568.3575088977814,Q1_finite_size,,,,,
Q1a-081,exp_Q1a_finite_size_scaling,0.5,0.8,0.44,0,0.3729,0.6271,0.3729,0.6271,-0.3960071797633653,572.8951818943024,Q1_finite_size,,,,,
Q1a-082,exp_Q1a_finite_size_scaling,0.5,0.8,0.44,1,0.563,0.43700000000000006,0.563,0.43700000000000006,-0.32369112639832887,573.220626115799,Q1_finite_size,,,,,
Q1a-083,exp_Q1a_finite_size_scaling,0.5,0.8,0.44,2,0.557,0.44299999999999995,0.557,0.44299999999999995,-0.31042665998051083,573.2771878242493,Q1_finite_size,,,,,
Q1a-084,exp_Q1a_finite_size_scaling,0.5,0.8,0.44,3,0.4723,0.5277000000000001,0.4723,0.5277000000000001,-0.34403564735672115,575.2100086212158,Q1_finite_size,,,,,
Q1a-085,exp_Q1a_finite_size_scaling,0.5,0.8,0.44,4,0.5107,0.48929999999999996,0.5107,0.48929999999999996,-0.36504432056379527,574.1302366256714,Q1_finite_size,,,,,
Q1a-086,exp_Q1a_finite_size_scaling,0.5,0.8,0.44,5,0.595,0.405,0.595,0.405,-0.2534224411764667,572.4301507472992,Q1_finite_size,,,,,
Q1a-087,exp_Q1a_finite_size_scaling,0.5,0.8,0.44,6,0.5845,0.4155,0.5845,0.4155,-0.35948081399884296,575.6236464977264,Q1_finite_size,,,,,
Q1a-088,exp_Q1a_finite_size_scaling,0.5,0.8,0.44,7,0.5358,0.46419999999999995,0.5358,0.46419999999999995,-0.3292920777133169,574.2125661373138,Q1_finite_size,,,,,
Q1a-089,exp_Q1a_finite_size_scaling,0.5,0.8,0.44,8,0.4193,0.5807,0.4193,0.5807,-0.30026834356827825,573.7135899066925,Q1_finite_size,,,,,
Q1a-090,exp_Q1a_finite_size_scaling,0.5,0.8,0.44,9,0.5952,0.40480000000000005,0.5952,0.40480000000000005,-0.3457312963115008,574.4626412391663,Q1_finite_size,,,,,
Q1a-091,exp_Q1a_finite_size_scaling,0.5,0.8,0.46,0,0.4695,0.5305,0.4695,0.5305,-0.2200745493098405,574.5809717178345,Q1_finite_size,,,,,
Q1a-092,exp_Q1a_finite_size_scaling,0.5,0.8,0.46,1,0.5432,0.4568,0.5432,0.4568,-0.2886549974411336,591.8915514945984,Q1_finite_size,,,,,
Q1a-093,exp_Q1a_finite_size_scaling,0.5,0.8,0.46,2,0.4143,0.5857,0.4143,0.5857,-0.2770330702940867,574.2504246234894,Q1_finite_size,,,,,
Q1a-094,exp_Q1a_finite_size_scaling,0.5,0.8,0.46,3,0.352,0.648,0.3553,0.6447,-0.32048327662650616,572.6046397686005,Q1_finite_size,,,,,
Q1a-095,exp_Q1a_finite_size_scaling,0.5,0.8,0.46,4,0.2969,0.7031000000000001,0.2969,0.7031000000000001,-0.3051733957787878,573.2984669208527,Q1_finite_size,,,,,
Q1a-096,exp_Q1a_finite_size_scaling,0.5,0.8,0.46,5,0.5213,0.4787,0.5213,0.4787,-0.2395338444313871,572.8406383991241,Q1_finite_size,,,,,
Q1a-097,exp_Q1a_finite_size_scaling,0.5,0.8,0.46,6,0.3845,0.6154999999999999,0.3845,0.6154999999999999,-0.26039337240721994,572.3637697696686,Q1_finite_size,,,,,
Q1a-098,exp_Q1a_finite_size_scaling,0.5,0.8,0.46,7,0.4648,0.5352,0.4648,0.5352,-0.24955776062423396,566.5949702262878,Q1_finite_size,,,,,
Q1a-099,exp_Q1a_finite_size_scaling,0.5,0.8,0.46,8,0.4007,0.5992999999999999,0.4007,0.5992999999999999,-0.23135627184556623,575.3355717658997,Q1_finite_size,,,,,
Q1a-100,exp_Q1a_finite_size_scaling,0.5,0.8,0.46,9,0.3546,0.6454,0.3546,0.6454,-0.35229950653714587,574.1373417377472,Q1_finite_size,,,,,
Q1b-001,exp_Q1b_finite_size_scaling,1.0,0.4,0.42,0,0.8734,0.12660000000000005,0.8734,0.12660000000000005,-0.17755769187831605,648.3178761005402,Q1_finite_size,,,,,
Q1b-002,exp_Q1b_finite_size_scaling,1.0,0.4,0.42,1,0.8756,0.12439999999999996,0.8756,0.12439999999999996,-0.18317280397401783,648.8548321723938,Q1_finite_size,,,,,
Q1b-003,exp_Q1b_finite_size_scaling,1.0,0.4,0.42,2,0.8763,0.12370000000000003,0.8763,0.12370000000000003,-0.18374197716136906,649.184513092041,Q1_finite_size,,,,,
Q1b-004,exp_Q1b_finite_size_scaling,1.0,0.4,0.42,3,0.8746,0.12539999999999996,0.8746,0.12539999999999996,-0.17653313403529808,650.7321765422821,Q1_finite_size,,,,,
Q1b-005,exp_Q1b_finite_size_scaling,1.0,0.4,0.42,4,0.8755,0.12450000000000006,0.8756,0.12439999999999996,-0.17668205927285885,650.9525928497314,Q1_finite_size,,,,,
Q1b-006,exp_Q1b_finite_size_scaling,1.0,0.4,0.42,5,0.8771,0.12290000000000001,0.879,0.121,-0.18742908768741912,651.5121579170227,Q1_finite_size,,,,,
Q1b-007,exp_Q1b_finite_size_scaling,1.0,0.4,0.42,6,0.8717,0.12829999999999997,0.8717,0.12829999999999997,-0.18310794140935083,650.1306281089783,Q1_finite_size,,,,,
Q1b-008,exp_Q1b_finite_size_scaling,1.0,0.4,0.42,7,0.8804,0.11960000000000004,0.8804,0.11960000000000004,-0.18445453861167324,650.8396053314209,Q1_finite_size,,,,,
Q1b-009,exp_Q1b_finite_size_scaling,1.0,0.4,0.42,8,0.878,0.122,0.878,0.122,-0.17569993950995588,651.8114306926727,Q1_finite_size,,,,,
Q1b-010,exp_Q1b_finite_size_scaling,1.0,0.4,0.42,9,0.876,0.124,0.876,0.124,-0.18079424988317164,665.8937351703644,Q1_finite_size,,,,,
Q1b-011,exp_Q1b_finite_size_scaling,1.0,0.4,0.44,0,0.8602,0.13980000000000004,0.8602,0.13980000000000004,-0.16688653413857313,651.3940014839172,Q1_finite_size,,,,,
Q1b-012,exp_Q1b_finite_size_scaling,1.0,0.4,0.44,1,0.869,0.131,0.869,0.131,-0.16171280493441262,652.0187337398529,Q1_finite_size,,,,,
Q1b-013,exp_Q1b_finite_size_scaling,1.0,0.4,0.44,2,0.8729,0.1271,0.8729,0.1271,-0.1593001170329481,651.599538564682,Q1_finite_size,,,,,
Q1b-014,exp_Q1b_finite_size_scaling,1.0,0.4,0.44,3,0.868,0.132,0.868,0.132,-0.1590368554772624,651.7739946842194,Q1_finite_size,,,,,
Q1b-015,exp_Q1b_finite_size_scaling,1.0,0.4,0.44,4,0.8687,0.13129999999999997,0.8687,0.13129999999999997,-0.16506391242629972,651.6718819141388,Q1_finite_size,,,,,
Q1b-016,exp_Q1b_finite_size_scaling,1.0,0.4,0.44,5,0.8702,0.12980000000000003,0.8702,0.12980000000000003,-0.17344478304431965,651.6417729854584,Q1_finite_size,,,,,
Q1b-017,exp_Q1b_finite_size_scaling,1.0,0.4,0.44,6,0.8688,0.13119999999999998,0.8688,0.13119999999999998,-0.16083628279359818,651.43310713768,Q1_finite_size,,,,,
Q1b-018,exp_Q1b_finite_size_scaling,1.0,0.4,0.44,7,0.8673,0.13270000000000004,0.8673,0.13270000000000004,-0.17452290933368353,651.8476791381836,Q1_finite_size,,,,,
Q1b-019,exp_Q1b_finite_size_scaling,1.0,0.4,0.44,8,0.8754,0.12460000000000004,0.8754,0.12460000000000004,-0.1718073966197743,651.6335182189941,Q1_finite_size,,,,,
Q1b-020,exp_Q1b_finite_size_scaling,1.0,0.4,0.44,9,0.8619,0.1381,0.8619,0.1381,-0.16768032622097442,652.9215083122253,Q1_finite_size,,,,,
Q1b-021,exp_Q1b_finite_size_scaling,1.0,0.4,0.46,0,0.8608,0.1392,0.8608,0.1392,-0.15795730294794563,651.202983379364,Q1_finite_size,,,,,
Q1b-022,exp_Q1b_finite_size_scaling,1.0,0.4,0.46,1,0.8392,0.16080000000000005,0.8392,0.16080000000000005,-0.16378488438201258,651.7936503887177,Q1_finite_size,,,,,
Q1b-023,exp_Q1b_finite_size_scaling,1.0,0.4,0.46,2,0.8519,0.1481,0.8519,0.1481,-0.13030517995965724,651.1231958866119,Q1_finite_size,,,,,
Q1b-024,exp_Q1b_finite_size_scaling,1.0,0.4,0.46,3,0.8575,0.14249999999999996,0.8575,0.14249999999999996,-0.14448583581347055,652.2725398540497,Q1_finite_size,,,,,
Q1b-025,exp_Q1b_finite_size_scaling,1.0,0.4,0.46,4,0.8372,0.16279999999999994,0.8372,0.16279999999999994,-0.1546986620946329,651.808367729187,Q1_finite_size,,,,,
Q1b-026,exp_Q1b_finite_size_scaling,1.0,0.4,0.46,5,0.8534,0.14659999999999995,0.8534,0.14659999999999995,-0.15305628565123736,650.9787411689758,Q1_finite_size,,,,,
Q1b-027,exp_Q1b_finite_size_scaling,1.0,0.4,0.46,6,0.8505,0.14949999999999997,0.8505,0.14949999999999997,-0.15903972887410306,651.2002387046814,Q1_finite_size,,,,,
Q1b-028,exp_Q1b_finite_size_scaling,1.0,0.4,0.46,7,0.8388,0.1612,0.8388,0.1612,-0.138594020614255,662.5647103786469,Q1_finite_size,,,,,
Q1b-029,exp_Q1b_finite_size_scaling,1.0,0.4,0.46,8,0.8236,0.1764,0.8236,0.1764,-0.11568167496301836,655.3064661026001,Q1_finite_size,,,,,
Q1b-030,exp_Q1b_finite_size_scaling,1.0,0.4,0.46,9,0.8491,0.15090000000000003,0.8491,0.15090000000000003,-0.13591282418417053,651.292765378952,Q1_finite_size,,,,,
Q1b-031,exp_Q1b_finite_size_scaling,1.0,0.4,0.48,0,0.796,0.20399999999999996,0.796,0.20399999999999996,-0.04971828639282779,651.4989013671875,Q1_finite_size,,,,,
Q1b-032,exp_Q1b_finite_size_scaling,1.0,0.4,0.48,1,0.8281,0.17190000000000005,0.8281,0.17190000000000005,-0.11493034854234609,651.0890610218048,Q1_finite_size,,,,,
Q1b-033,exp_Q1b_finite_size_scaling,1.0,0.4,0.48,2,0.8024,0.1976,0.8024,0.1976,-0.0628516926263383,650.7862339019775,Q1_finite_size,,,,,
Q1b-034,exp_Q1b_finite_size_scaling,1.0,0.4,0.48,3,0.8406,0.1594,0.8406,0.1594,-0.13480757289715778,614.6964955329895,Q1_finite_size,,,,,
Q1b-035,exp_Q1b_finite_size_scaling,1.0,0.4,0.48,4,0.6719,0.32809999999999995,0.6719,0.32809999999999995,-0.04934356200515901,611.9278728961945,Q1_finite_size,,,,,
Q1b-036,exp_Q1b_finite_size_scaling,1.0,0.4,0.48,5,0.8093,0.19069999999999998,0.8093,0.19069999999999998,-0.10779583440004249,610.3483417034149,Q1_finite_size,,,,,
Q1b-037,exp_Q1b_finite_size_scaling,1.0,0.4,0.48,6,0.7879,0.21209999999999996,0.7879,0.21209999999999996,-0.06347861950526583,610.1394352912903,Q1_finite_size,,,,,
Q1b-038,exp_Q1b_finite_size_scaling,1.0,0.4,0.48,7,0.7612,0.2388,0.7612,0.2388,-0.08534297295462055,611.1282088756561,Q1_finite_size,,,,,
Q1b-039,exp_Q1b_finite_size_scaling,1.0,0.4,0.48,8,0.7903,0.2097,0.7903,0.2097,-0.10283061461119285,612.2728927135468,Q1_finite_size,,,,,
Q1b-040,exp_Q1b_finite_size_scaling,1.0,0.4,0.48,9,0.8315,0.16849999999999998,0.832,0.16800000000000004,-0.11292489587625713,626.2143223285675,Q1_finite_size,,,,,
Q1b-041,exp_Q1b_finite_size_scaling,1.0,0.4,0.5,0,0.6515,0.34850000000000003,0.6515,0.34850000000000003,-0.018076187762668193,615.6273741722107,Q1_finite_size,,,,,
Q1b-042,exp_Q1b_finite_size_scaling,1.0,0.4,0.5,1,0.6942,0.30579999999999996,0.6942,0.30579999999999996,-0.02427489240189339,611.5595953464508,Q1_finite_size,,,,,
Q1b-043,exp_Q1b_finite_size_scaling,1.0,0.4,0.5,2,0.6781,0.32189999999999996,0.6781,0.32189999999999996,-0.014063695526304085,611.4419617652893,Q1_finite_size,,,,,
Q1b-044,exp_Q1b_finite_size_scaling,1.0,0.4,0.5,3,0.7005,0.2995,0.7005,0.2995,-0.03139173674077028,611.3796761035919,Q1_finite_size,,,,,
Q1b-045,exp_Q1b_finite_size_scaling,1.0,0.4,0.5,4,0.632,0.368,0.632,0.368,-0.04804195868245466,612.0681433677673,Q1_finite_size,,,,,
Q1b-046,exp_Q1b_finite_size_scaling,1.0,0.4,0.5,5,0.805,0.19499999999999995,0.805,0.19499999999999995,-0.0773343665088641,611.4885957241058,Q1_finite_size,,,,,
Q1b-047,exp_Q1b_finite_size_scaling,1.0,0.4,0.5,6,0.7867,0.21330000000000005,0.7867,0.21330000000000005,-0.03878101798744364,610.6647992134094,Q1_finite_size,,,,,
Q1b-048,exp_Q1b_finite_size_scaling,1.0,0.4,0.5,7,0.7233,0.27669999999999995,0.7233,0.27669999999999995,-0.04088034904680133,611.3346147537231,Q1_finite_size,,,,,
Q1b-049,exp_Q1b_finite_size_scaling,1.0,0.4,0.5,8,0.7796,0.22040000000000004,0.7796,0.22040000000000004,-0.04556218521537054,611.6186172962189,Q1_finite_size,,,,,
Q1b-050,exp_Q1b_finite_size_scaling,1.0,0.4,0.5,9,0.6622,0.3378,0.6622,0.3378,-0.016502831788253687,616.4472277164459,Q1_finite_size,,,,,
Q1b-051,exp_Q1b_finite_size_scaling,1.0,0.8,0.38,0,0.742,0.258,0.742,0.258,-0.42278022216757694,617.3780579566956,Q1_finite_size,,,,,
Q1b-052,exp_Q1b_finite_size_scaling,1.0,0.8,0.38,1,0.7623,0.23770000000000002,0.7623,0.23770000000000002,-0.4213565754031048,617.8897686004639,Q1_finite_size,,,,,
Q1b-053,exp_Q1b_finite_size_scaling,1.0,0.8,0.38,2,0.7685,0.23150000000000004,0.7685,0.23150000000000004,-0.4215134340591434,617.2223238945007,Q1_finite_size,,,,,
Q1b-054,exp_Q1b_finite_size_scaling,1.0,0.8,0.38,3,0.7682,0.2318,0.7682,0.2318,-0.4228647016020662,616.8580687046051,Q1_finite_size,,,,,
Q1b-055,exp_Q1b_finite_size_scaling,1.0,0.8,0.38,4,0.7776,0.22240000000000004,0.7776,0.22240000000000004,-0.42151391500680185,618.305290222168,Q1_finite_size,,,,,
Q1b-056,exp_Q1b_finite_size_scaling,1.0,0.8,0.38,5,0.7632,0.2368,0.7632,0.2368,-0.41289354278756496,616.972674369812,Q1_finite_size,,,,,
Q1b-057,exp_Q1b_finite_size_scaling,1.0,0.8,0.38,6,0.7865,0.21350000000000002,0.7865,0.21350000000000002,-0.41587916665681995,616.633020401001,Q1_finite_size,,,,,
Q1b-058,exp_Q1b_finite_size_scaling,1.0,0.8,0.38,7,0.7713,0.22870000000000001,0.7713,0.22870000000000001,-0.41577107814834363,621.7580149173737,Q1_finite_size,,,,,
Q1b-059,exp_Q1b_finite_size_scaling,1.0,0.8,0.38,8,0.7684,0.23160000000000003,0.7684,0.23160000000000003,-0.4196722626793676,625.6230952739716,Q1_finite_size,,,,,
Q1b-060,exp_Q1b_finite_size_scaling,1.0,0.8,0.38,9,0.7738,0.22619999999999996,0.7738,0.22619999999999996,-0.4193219857125267,617.432208776474,Q1_finite_size,,,,,
Q1b-061,exp_Q1b_finite_size_scaling,1.0,0.8,0.4,0,0.766,0.23399999999999999,0.766,0.23399999999999999,-0.4242504282587218,619.0771040916443,Q1_finite_size,,,,,
Q1b-062,exp_Q1b_finite_size_scaling,1.0,0.8,0.4,1,0.7405,0.25949999999999995,0.7405,0.25949999999999995,-0.4291791108159802,620.8076000213623,Q1_finite_size,,,,,
Q1b-063,exp_Q1b_finite_size_scaling,1.0,0.8,0.4,2,0.7622,0.2378,0.7622,0.2378,-0.4310547704497538,619.5148873329163,Q1_finite_size,,,,,
Q1b-064,exp_Q1b_finite_size_scaling,1.0,0.8,0.4,3,0.7484,0.25160000000000005,0.7484,0.25160000000000005,-0.4407925747619818,619.6935029029846,Q1_finite_size,,,,,
Q1b-065,exp_Q1b_finite_size_scaling,1.0,0.8,0.4,4,0.7646,0.23540000000000005,0.7646,0.23540000000000005,-0.4211720997841711,618.9479780197144,Q1_finite_size,,,,,
Q1b-066,exp_Q1b_finite_size_scaling,1.0,0.8,0.4,5,0.7768,0.22319999999999995,0.7777,0.22230000000000005,-0.44106330519696535,616.7681708335876,Q1_finite_size,,,,,
Q1b-067,exp_Q1b_finite_size_scaling,1.0,0.8,0.4,6,0.7613,0.23870000000000002,0.7613,0.23870000000000002,-0.4415214910302656,620.1414151191711,Q1_finite_size,,,,,
Q1b-068,exp_Q1b_finite_size_scaling,1.0,0.8,0.4,7,0.7611,0.2389,0.7611,0.2389,-0.44345368672486596,620.4358611106873,Q1_finite_size,,,,,
Q1b-069,exp_Q1b_finite_size_scaling,1.0,0.8,0.4,8,0.7375,0.26249999999999996,0.7375,0.26249999999999996,-0.4433183670156084,618.4055888652802,Q1_finite_size,,,,,
Q1b-070,exp_Q1b_finite_size_scaling,1.0,0.8,0.4,9,0.7376,0.26239999999999997,0.7376,0.26239999999999997,-0.43851042501257775,621.9294061660767,Q1_finite_size,,,,,
Q1b-071,exp_Q1b_finite_size_scaling,1.0,0.8,0.42,0,0.6389,0.3611,0.6389,0.3611,-0.36655303595960026,617.2325918674469,Q1_finite_size,,,,,
Q1b-072,exp_Q1b_finite_size_scaling,1.0,0.8,0.42,1,0.6479,0.35209999999999997,0.6479,0.35209999999999997,-0.3579764850703139,616.062164068222,Q1_finite_size,,,,,
Q1b-073,exp_Q1b_finite_size_scaling,1.0,0.8,0.42,2,0.696,0.30400000000000005,0.696,0.30400000000000005,-0.42449808764409225,616.480464220047,Q1_finite_size,,,,,
Q1b-074,exp_Q1b_finite_size_scaling,1.0,0.8,0.42,3,0.7398,0.2602,0.7398,0.2602,-0.4418562345469712,616.2028138637543,Q1_finite_size,,,,,
Q1b-075,exp_Q1b_finite_size_scaling,1.0,0.8,0.42,4,0.7137,0.2863,0.7137,0.2863,-0.45048501731255286,616.7799437046051,Q1_finite_size,,,,,
Q1b-076,exp_Q1b_finite_size_scaling,1.0,0.8,0.42,5,0.6648,0.33520000000000005,0.6648,0.33520000000000005,-0.3377501662058295,615.0609087944031,Q1_finite_size,,,,,
Q1b-077,exp_Q1b_finite_size_scaling,1.0,0.8,0.42,6,0.7018,0.2982,0.7018,0.2982,-0.3992727874642315,628.9262075424194,Q1_finite_size,,,,,
Q1b-078,exp_Q1b_finite_size_scaling,1.0,0.8,0.42,7,0.7575,0.24250000000000005,0.7575,0.24250000000000005,-0.4430824755512983,610.106917142868,Q1_finite_size,,,,,
Q1b-079,exp_Q1b_finite_size_scaling,1.0,0.8,0.42,8,0.6589,0.34109999999999996,0.6589,0.34109999999999996,-0.413791317659328,609.4842300415039,Q1_finite_size,,,,,
Q1b-080,exp_Q1b_finite_size_scaling,1.0,0.8,0.42,9,0.7377,0.2623,0.7377,0.2623,-0.43807156976609385,610.4792740345001,Q1_finite_size,,,,,
Q1b-081,exp_Q1b_finite_size_scaling,1.0,0.8,0.44,0,0.601,0.399,0.601,0.399,-0.348322026197542,609.1828470230103,Q1_finite_size,,,,,
Q1b-082,exp_Q1b_finite_size_scaling,1.0,0.8,0.44,1,0.6891,0.31089999999999995,0.6891,0.31089999999999995,-0.3959981681406973,609.392984867096,Q1_finite_size,,,,,
Q1b-083,exp_Q1b_finite_size_scaling,1.0,0.8,0.44,2,0.5626,0.4374,0.5626,0.4374,-0.29511405289331116,609.4864876270294,Q1_finite_size,,,,,
Q1b-084,exp_Q1b_finite_size_scaling,1.0,0.8,0.44,3,0.5911,0.40890000000000004,0.5911,0.40890000000000004,-0.3181925559655184,609.7857983112335,Q1_finite_size,,,,,
Q1b-085,exp_Q1b_finite_size_scaling,1.0,0.8,0.44,4,0.7091,0.29090000000000005,0.7091,0.29090000000000005,-0.43918186028666173,610.5454461574554,Q1_finite_size,,,,,
Q1b-086,exp_Q1b_finite_size_scaling,1.0,0.8,0.44,5,0.6729,0.32709999999999995,0.6729,0.32709999999999995,-0.3798826241756466,612.534502029419,Q1_finite_size,,,,,
Q1b-087,exp_Q1b_finite_size_scaling,1.0,0.8,0.44,6,0.6504,0.3496,0.6504,0.3496,-0.30562179002149403,609.3740997314453,Q1_finite_size,,,,,
Q1b-088,exp_Q1b_finite_size_scaling,1.0,0.8,0.44,7,0.6658,0.33420000000000005,0.6658,0.33420000000000005,-0.43119148509030486,610.1461217403412,Q1_finite_size,,,,,
Q1b-089,exp_Q1b_finite_size_scaling,1.0,0.8,0.44,8,0.6485,0.35150000000000003,0.6485,0.35150000000000003,-0.38818614261025297,611.3544931411743,Q1_finite_size,,,,,
Q1b-090,exp_Q1b_finite_size_scaling,1.0,0.8,0.44,9,0.5872,0.41279999999999994,0.5872,0.41279999999999994,-0.3112167121421745,611.0687975883484,Q1_finite_size,,,,,
Q1b-091,exp_Q1b_finite_size_scaling,1.0,0.8,0.46,0,0.5397,0.46030000000000004,0.5397,0.46030000000000004,-0.2346024510600932,609.6740353107452,Q1_finite_size,,,,,
Q1b-092,exp_Q1b_finite_size_scaling,1.0,0.8,0.46,1,0.5607,0.4393,0.5607,0.4393,-0.20388050338064503,610.6021828651428,Q1_finite_size,,,,,
Q1b-093,exp_Q1b_finite_size_scaling,1.0,0.8,0.46,2,0.5049,0.4951,0.5049,0.4951,-0.24584232656656987,610.618066072464,Q1_finite_size,,,,,
Q1b-094,exp_Q1b_finite_size_scaling,1.0,0.8,0.46,3,0.4162,0.5838,0.4162,0.5838,-0.25232191822473915,611.9963858127594,Q1_finite_size,,,,,
Q1b-095,exp_Q1b_finite_size_scaling,1.0,0.8,0.46,4,0.4677,0.5323,0.4677,0.5323,-0.30810755283663244,623.9391074180603,Q1_finite_size,,,,,
Q1b-096,exp_Q1b_finite_size_scaling,1.0,0.8,0.46,5,0.5971,0.40290000000000004,0.5971,0.40290000000000004,-0.3236142731095873,613.903477191925,Q1_finite_size,,,,,
Q1b-097,exp_Q1b_finite_size_scaling,1.0,0.8,0.46,6,0.5928,0.4072,0.5928,0.4072,-0.2850924275999376,610.8955402374268,Q1_finite_size,,,,,
Q1b-098,exp_Q1b_finite_size_scaling,1.0,0.8,0.46,7,0.5511,0.44889999999999997,0.5511,0.44889999999999997,-0.2487285340180601,609.0824189186096,Q1_finite_size,,,,,
Q1b-099,exp_Q1b_finite_size_scaling,1.0,0.8,0.46,8,0.5512,0.4488,0.5512,0.4488,-0.3261612649298776,610.6681461334229,Q1_finite_size,,,,,
Q1b-100,exp_Q1b_finite_size_scaling,1.0,0.8,0.46,9,0.4483,0.5517000000000001,0.4483,0.5517000000000001,-0.2857766238672538,610.7589502334595,Q1_finite_size,,,,,
Q1c-001,exp_Q1c_finite_size_scaling,2.0,0.4,0.42,0,0.8895,0.11050000000000004,0.8895,0.11050000000000004,-0.17580593723227622,1315.0587482452393,Q1_finite_size,,,,,
Q1c-002,exp_Q1c_finite_size_scaling,2.0,0.4,0.42,1,0.886,0.11399999999999999,0.8874,0.11260000000000003,-0.1748623149777847,1315.6602611541748,Q1_finite_size,,,,,
Q1c-003,exp_Q1c_finite_size_scaling,2.0,0.4,0.42,2,0.8908,0.10919999999999996,0.8912,0.10880000000000001,-0.1751868834467076,1313.5167338848114,Q1_finite_size,,,,,
Q1c-004,exp_Q1c_finite_size_scaling,2.0,0.4,0.42,3,0.8864,0.11360000000000003,0.8873,0.11270000000000002,-0.1848495556342971,1317.1564104557037,Q1_finite_size,,,,,
Q1c-005,exp_Q1c_finite_size_scaling,2.0,0.4,0.42,4,0.8839,0.11609999999999998,0.8839,0.11609999999999998,-0.1746712249880526,1314.8051660060883,Q1_finite_size,,,,,
Q1c-006,exp_Q1c_finite_size_scaling,2.0,0.4,0.42,5,0.8861,0.1139,0.8861,0.1139,-0.17326745215510564,1319.0207357406616,Q1_finite_size,,,,,
Q1c-007,exp_Q1c_finite_size_scaling,2.0,0.4,0.42,6,0.8894,0.11060000000000003,0.8894,0.11060000000000003,-0.17362104955102597,1319.1814677715302,Q1_finite_size,,,,,
Q1c-008,exp_Q1c_finite_size_scaling,2.0,0.4,0.42,7,0.8938,0.10619999999999996,0.8938,0.10619999999999996,-0.18007193098582114,1319.9856162071228,Q1_finite_size,,,,,
Q1c-009,exp_Q1c_finite_size_scaling,2.0,0.4,0.42,8,0.8858,0.11419999999999997,0.8858,0.11419999999999997,-0.16974918614762924,1320.137567281723,Q1_finite_size,,,,,
Q1c-010,exp_Q1c_finite_size_scaling,2.0,0.4,0.42,9,0.8882,0.11180000000000001,0.8886,0.11140000000000005,-0.17644954758177736,1319.9391980171204,Q1_finite_size,,,,,
Q1c-011,exp_Q1c_finite_size_scaling,2.0,0.4,0.44,0,0.8845,0.11550000000000005,0.8845,0.11550000000000005,-0.16373245996193797,1320.007482290268,Q1_finite_size,,,,,
Q1c-012,exp_Q1c_finite_size_scaling,2.0,0.4,0.44,1,0.8813,0.11870000000000003,0.8843,0.11570000000000003,-0.17032570506879058,1321.4576830863953,Q1_finite_size,,,,,
Q1c-013,exp_Q1c_finite_size_scaling,2.0,0.4,0.44,2,0.8787,0.12129999999999996,0.8787,0.12129999999999996,-0.1566799136422508,1320.8784129619598,Q1_finite_size,,,,,
Q1c-014,exp_Q1c_finite_size_scaling,2.0,0.4,0.44,3,0.8706,0.12939999999999996,0.8706,0.12939999999999996,-0.16264442320159345,1322.3972618579865,Q1_finite_size,,,,,
Q1c-015,exp_Q1c_finite_size_scaling,2.0,0.4,0.44,4,0.8775,0.12250000000000005,0.8775,0.12250000000000005,-0.15641017899649545,1322.1775171756744,Q1_finite_size,,,,,
Q1c-016,exp_Q1c_finite_size_scaling,2.0,0.4,0.44,5,0.8734,0.12660000000000005,0.8734,0.12660000000000005,-0.16101653507305427,1320.917904138565,Q1_finite_size,,,,,
Q1c-017,exp_Q1c_finite_size_scaling,2.0,0.4,0.44,6,0.8837,0.11629999999999996,0.8837,0.11629999999999996,-0.16594192751419581,1327.9966399669647,Q1_finite_size,,,,,
Q1c-018,exp_Q1c_finite_size_scaling,2.0,0.4,0.44,7,0.8822,0.11780000000000002,0.8822,0.11780000000000002,-0.16987584037663045,1326.5546565055847,Q1_finite_size,,,,,
Q1c-019,exp_Q1c_finite_size_scaling,2.0,0.4,0.44,8,0.8831,0.1169,0.8831,0.1169,-0.16869397877331832,1322.9505355358124,Q1_finite_size,,,,,
Q1c-020,exp_Q1c_finite_size_scaling,2.0,0.4,0.44,9,0.8839,0.11609999999999998,0.8839,0.11609999999999998,-0.16182789615069143,1324.3701372146606,Q1_finite_size,,,,,
Q1c-021,exp_Q1c_finite_size_scaling,2.0,0.4,0.46,0,0.8777,0.12229999999999996,0.8777,0.12229999999999996,-0.1552166898858633,1320.1380474567413,Q1_finite_size,,,,,
Q1c-022,exp_Q1c_finite_size_scaling,2.0,0.4,0.46,1,0.8754,0.12460000000000004,0.8754,0.12460000000000004,-0.14636117718190822,1323.374922990799,Q1_finite_size,,,,,
Q1c-023,exp_Q1c_finite_size_scaling,2.0,0.4,0.46,2,0.8708,0.12919999999999998,0.8708,0.12919999999999998,-0.14521060616975384,1322.1667785644531,Q1_finite_size,,,,,
Q1c-024,exp_Q1c_finite_size_scaling,2.0,0.4,0.46,3,0.8752,0.12480000000000002,0.8752,0.12480000000000002,-0.1524349523679893,1320.9311819076538,Q1_finite_size,,,,,
Q1c-025,exp_Q1c_finite_size_scaling,2.0,0.4,0.46,4,0.868,0.132,0.868,0.132,-0.14565260483029807,1326.836353778839,Q1_finite_size,,,,,
Q1c-026,exp_Q1c_finite_size_scaling,2.0,0.4,0.46,5,0.8706,0.12939999999999996,0.8706,0.12939999999999996,-0.15811077780158578,1331.8924703598022,Q1_finite_size,,,,,
Q1c-027,exp_Q1c_finite_size_scaling,2.0,0.4,0.46,6,0.8759,0.12409999999999999,0.8759,0.12409999999999999,-0.14044101773782003,1332.2724342346191,Q1_finite_size,,,,,
Q1c-028,exp_Q1c_finite_size_scaling,2.0,0.4,0.46,7,0.877,0.123,0.877,0.123,-0.16210229491433353,1331.7823450565338,Q1_finite_size,,,,,
Q1c-029,exp_Q1c_finite_size_scaling,2.0,0.4,0.46,8,0.8697,0.13029999999999997,0.8697,0.13029999999999997,-0.15602721433654457,1332.3870739936829,Q1_finite_size,,,,,
Q1c-030,exp_Q1c_finite_size_scaling,2.0,0.4,0.46,9,0.8697,0.13029999999999997,0.8697,0.13029999999999997,-0.14887876994436255,1332.5774536132812,Q1_finite_size,,,,,
Q1c-031,exp_Q1c_finite_size_scaling,2.0,0.4,0.48,0,0.8654,0.13460000000000005,0.8654,0.13460000000000005,-0.1341379334521836,1322.3200416564941,Q1_finite_size,,,,,
Q1c-032,exp_Q1c_finite_size_scaling,2.0,0.4,0.48,1,0.8306,0.1694,0.8306,0.1694,-0.11784462157904756,1317.7699615955353,Q1_finite_size,,,,,
Q1c-033,exp_Q1c_finite_size_scaling,2.0,0.4,0.48,2,0.8525,0.14749999999999996,0.8525,0.14749999999999996,-0.13159388821077006,1318.5830144882202,Q1_finite_size,,,,,
Q1c-034,exp_Q1c_finite_size_scaling,2.0,0.4,0.48,3,0.8593,0.14070000000000005,0.8593,0.14070000000000005,-0.13007539985219746,1317.8091859817505,Q1_finite_size,,,,,
Q1c-035,exp_Q1c_finite_size_scaling,2.0,0.4,0.48,4,0.8422,0.15780000000000005,0.8422,0.15780000000000005,-0.12393030431490436,1318.031099319458,Q1_finite_size,,,,,
Q1c-036,exp_Q1c_finite_size_scaling,2.0,0.4,0.48,5,0.8391,0.16090000000000004,0.8391,0.16090000000000004,-0.1237272500637586,1317.6022064685822,Q1_finite_size,,,,,
Q1c1-037,exp_Q1c1_finite_size_scaling,2.0,0.4,0.48,6,0.8394,0.16059999999999997,0.8394,0.16059999999999997,-0.12184224941586004,1323.2114675045013,Q1_finite_size,,,,,
Q1c1-038,exp_Q1c1_finite_size_scaling,2.0,0.4,0.48,7,0.8493,0.15069999999999995,0.8503,0.14970000000000006,-0.13408301351220128,1317.0463738441467,Q1_finite_size,,,,,
Q1c1-039,exp_Q1c1_finite_size_scaling,2.0,0.4,0.48,8,0.8586,0.14139999999999997,0.8586,0.14139999999999997,-0.1205067304491834,1317.829791545868,Q1_finite_size,,,,,
Q1c1-040,exp_Q1c1_finite_size_scaling,2.0,0.4,0.48,9,0.8507,0.1493,0.8507,0.1493,-0.13408222612347254,1319.3768804073334,Q1_finite_size,,,,,
Q1c1-041,exp_Q1c1_finite_size_scaling,2.0,0.4,0.5,0,0.8032,0.19679999999999997,0.8032,0.19679999999999997,-0.07926604584759285,1318.1511030197144,Q1_finite_size,,,,,
Q1c1-042,exp_Q1c1_finite_size_scaling,2.0,0.4,0.5,1,0.7809,0.21909999999999996,0.7809,0.21909999999999996,-0.062343003967140175,1319.9616219997406,Q1_finite_size,,,,,
Q1c1-043,exp_Q1c1_finite_size_scaling,2.0,0.4,0.5,2,0.8057,0.19430000000000003,0.8057,0.19430000000000003,-0.08427428291299814,1323.6296384334564,Q1_finite_size,,,,,
Q1c1-044,exp_Q1c1_finite_size_scaling,2.0,0.4,0.5,3,0.7908,0.20920000000000005,0.7908,0.20920000000000005,-0.05191430559129708,1324.8247396945953,Q1_finite_size,,,,,
Q1c1-045,exp_Q1c1_finite_size_scaling,2.0,0.4,0.5,4,0.7838,0.21619999999999995,0.7838,0.21619999999999995,-0.0584958526398274,1317.9458861351013,Q1_finite_size,,,,,
Q1c1-046,exp_Q1c1_finite_size_scaling,2.0,0.4,0.5,5,0.8482,0.15180000000000005,0.8482,0.15180000000000005,-0.10703939321507613,1318.2033727169037,Q1_finite_size,,,,,
Q1c1-047,exp_Q1c1_finite_size_scaling,2.0,0.4,0.5,6,0.7192,0.28080000000000005,0.7192,0.28080000000000005,-0.0461953326069087,1318.1525337696075,Q1_finite_size,,,,,
Q1c1-048,exp_Q1c1_finite_size_scaling,2.0,0.4,0.5,7,0.7594,0.24060000000000004,0.7594,0.24060000000000004,-0.07957525447768286,1318.2870452404022,Q1_finite_size,,,,,
Q1c1-049,exp_Q1c1_finite_size_scaling,2.0,0.4,0.5,8,0.7721,0.2279,0.7721,0.2279,-0.0671865105851077,1319.5901427268982,Q1_finite_size,,,,,
Q1c1-050,exp_Q1c1_finite_size_scaling,2.0,0.4,0.5,9,0.8157,0.18430000000000002,0.8157,0.18430000000000002,-0.09347890009888575,1321.4745848178864,Q1_finite_size,,,,,
Q1c2-001,exp_Q1c2_finite_size_scaling,2.0,0.8,0.38,0,0.7819,0.21809999999999996,0.7819,0.21809999999999996,-0.42023629927214196,5578.623388290405,Q1_finite_size,,,,,
Q1c2-002,exp_Q1c2_finite_size_scaling,2.0,0.8,0.38,1,0.7632,0.2368,0.7632,0.2368,-0.4203602442948138,5569.9036185741425,Q1_finite_size,,,,,
Q1c2-003,exp_Q1c2_finite_size_scaling,2.0,0.8,0.38,2,0.7853,0.2147,0.7853,0.2147,-0.42079482566038434,1236.2361369132996,Q1_finite_size,,,,,
Q1c2-004,exp_Q1c2_finite_size_scaling,2.0,0.8,0.38,3,0.7934,0.2066,0.7934,0.2066,-0.4097787790800141,1234.3789374828339,Q1_finite_size,,,,,
Q1c2-005,exp_Q1c2_finite_size_scaling,2.0,0.8,0.38,4,0.7947,0.20530000000000004,0.7947,0.20530000000000004,-0.4072011153480603,1239.1703419685364,Q1_finite_size,,,,,
Q1c2-006,exp_Q1c2_finite_size_scaling,2.0,0.8,0.38,5,0.791,0.20899999999999996,0.791,0.20899999999999996,-0.4127746083818339,1239.73033618927,Q1_finite_size,,,,,
Q1c2-007,exp_Q1c2_finite_size_scaling,2.0,0.8,0.38,6,0.7612,0.2388,0.7612,0.2388,-0.4156648509861421,1239.6140305995941,Q1_finite_size,,,,,
Q1c2-008,exp_Q1c2_finite_size_scaling,2.0,0.8,0.38,7,0.7826,0.21740000000000004,0.7826,0.21740000000000004,-0.4148808626983344,1239.994072675705,Q1_finite_size,,,,,
Q1c2-009,exp_Q1c2_finite_size_scaling,2.0,0.8,0.38,8,0.7719,0.22809999999999997,0.7719,0.22809999999999997,-0.41378872256688015,1241.1323280334473,Q1_finite_size,,,,,
Q1c2-010,exp_Q1c2_finite_size_scaling,2.0,0.8,0.38,9,0.7872,0.2128,0.7872,0.2128,-0.40734967477163486,1240.3699457645416,Q1_finite_size,,,,,
Q1c3-001,exp_Q1c3_finite_size_scaling,2.0,0.8,0.4,0,0.7888,0.21120000000000005,0.7888,0.21120000000000005,-0.4299015769979807,1227.170081615448,Q1_finite_size,,,,,
Q1c3-002,exp_Q1c3_finite_size_scaling,2.0,0.8,0.4,1,0.7598,0.24019999999999997,0.7598,0.24019999999999997,-0.4365241725276383,1227.7940974235535,Q1_finite_size,,,,,
Q1c3-003,exp_Q1c3_finite_size_scaling,2.0,0.8,0.4,2,0.7654,0.23460000000000003,0.7654,0.23460000000000003,-0.43897502976587893,1229.5769982337952,Q1_finite_size,,,,,
Q1c3-004,exp_Q1c3_finite_size_scaling,2.0,0.8,0.4,3,0.7797,0.22030000000000005,0.7797,0.22030000000000005,-0.4405989937672905,1228.836481809616,Q1_finite_size,,,,,
Q1c3-005,exp_Q1c3_finite_size_scaling,2.0,0.8,0.4,4,0.7548,0.24519999999999997,0.7548,0.24519999999999997,-0.42071471160082907,1228.1378424167633,Q1_finite_size,,,,,
Q1c3-006,exp_Q1c3_finite_size_scaling,2.0,0.8,0.4,5,0.7747,0.22529999999999994,0.7747,0.22529999999999994,-0.43262965059725145,1227.2676048278809,Q1_finite_size,,,,,
Q1c3-007,exp_Q1c3_finite_size_scaling,2.0,0.8,0.4,6,0.7653,0.23470000000000002,0.7653,0.23470000000000002,-0.4345968592930935,1230.6991522312164,Q1_finite_size,,,,,
Q1c3-008,exp_Q1c3_finite_size_scaling,2.0,0.8,0.4,7,0.7659,0.23409999999999997,0.7659,0.23409999999999997,-0.434338647149793,1227.707769870758,Q1_finite_size,,,,,
Q1c3-009,exp_Q1c3_finite_size_scaling,2.0,0.8,0.4,8,0.7807,0.21930000000000005,0.7807,0.21930000000000005,-0.4357514230020143,1227.701043844223,Q1_finite_size,,,,,
Q1c3-010,exp_Q1c3_finite_size_scaling,2.0,0.8,0.4,9,0.7583,0.24170000000000003,0.7583,0.24170000000000003,-0.4248887846900989,1230.546763420105,Q1_finite_size,,,,,
Q1c3-011,exp_Q1c3_finite_size_scaling,2.0,0.8,0.42,0,0.7813,0.2187,0.7813,0.2187,-0.4407174257010967,1230.5807104110718,Q1_finite_size,,,,,
Q1c3-012,exp_Q1c3_finite_size_scaling,2.0,0.8,0.42,1,0.7624,0.23760000000000003,0.7624,0.23760000000000003,-0.4458112496682395,1230.8735427856445,Q1_finite_size,,,,,
Q1c3-013,exp_Q1c3_finite_size_scaling,2.0,0.8,0.42,2,0.7786,0.22140000000000004,0.7786,0.22140000000000004,-0.4387425689469627,1232.3784692287445,Q1_finite_size,,,,,
Q1c3-014,exp_Q1c3_finite_size_scaling,2.0,0.8,0.42,3,0.7796,0.22040000000000004,0.7796,0.22040000000000004,-0.4432352880313898,1231.417869567871,Q1_finite_size,,,,,
Q1c3-015,exp_Q1c3_finite_size_scaling,2.0,0.8,0.42,4,0.7828,0.21719999999999995,0.7828,0.21719999999999995,-0.4486851191125501,1229.8323593139648,Q1_finite_size,,,,,
Q1c3-016,exp_Q1c3_finite_size_scaling,2.0,0.8,0.42,5,0.7861,0.21389999999999998,0.7861,0.21389999999999998,-0.4413008363471053,1229.075143814087,Q1_finite_size,,,,,
Q1c3-017,exp_Q1c3_finite_size_scaling,2.0,0.8,0.42,6,0.7428,0.2572,0.7428,0.2572,-0.4331714618351425,1229.5047662258148,Q1_finite_size,,,,,
Q1c3-018,exp_Q1c3_finite_size_scaling,2.0,0.8,0.42,7,0.7653,0.23470000000000002,0.7653,0.23470000000000002,-0.44539484908102245,1228.1320118904114,Q1_finite_size,,,,,
Q1c3-019,exp_Q1c3_finite_size_scaling,2.0,0.8,0.42,8,0.756,0.244,0.756,0.244,-0.4364514794462475,1229.2182993888855,Q1_finite_size,,,,,
Q1c3-020,exp_Q1c3_finite_size_scaling,2.0,0.8,0.42,9,0.7283,0.27170000000000005,0.7283,0.27170000000000005,-0.426761925738502,1229.2693367004395,Q1_finite_size,,,,,
Q1c4-001,exp_Q1c4_finite_size_scaling,2.0,0.8,0.44,0,0.6051,0.39490000000000003,0.6051,0.39490000000000003,-0.3038780569961849,1319.338381767273,Q1_finite_size,,,,,
Q1c4-002,exp_Q1c4_finite_size_scaling,2.0,0.8,0.44,1,0.6718,0.32820000000000005,0.6718,0.32820000000000005,-0.38516895084867575,1317.706120967865,Q1_finite_size,,,,,
Q1c4-003,exp_Q1c4_finite_size_scaling,2.0,0.8,0.44,2,0.7133,0.28669999999999995,0.7133,0.28669999999999995,-0.447871283966043,1319.1616396903992,Q1_finite_size,,,,,
Q1c4-004,exp_Q1c4_finite_size_scaling,2.0,0.8,0.44,3,0.655,0.345,0.655,0.345,-0.3856293861759999,1319.9625470638275,Q1_finite_size,,,,,
Q1c4-005,exp_Q1c4_finite_size_scaling,2.0,0.8,0.44,4,0.611,0.389,0.611,0.389,-0.33258220018909257,1320.9001579284668,Q1_finite_size,,,,,
Q1c4-006,exp_Q1c4_finite_size_scaling,2.0,0.8,0.44,5,0.6833,0.3167,0.6833,0.3167,-0.4210670220910522,1319.7043347358704,Q1_finite_size,,,,,
Q1c4-007,exp_Q1c4_finite_size_scaling,2.0,0.8,0.44,6,0.7164,0.28359999999999996,0.7164,0.28359999999999996,-0.39221522170724527,1322.800095796585,Q1_finite_size,,,,,
Q1c4-008,exp_Q1c4_finite_size_scaling,2.0,0.8,0.44,7,0.6692,0.3308,0.6692,0.3308,-0.4243488537170924,1320.5303311347961,Q1_finite_size,,,,,
Q1c4-009,exp_Q1c4_finite_size_scaling,2.0,0.8,0.44,8,0.7246,0.2754,0.7246,0.2754,-0.41016075514558686,1321.7252316474915,Q1_finite_size,,,,,
Q1c4-010,exp_Q1c4_finite_size_scaling,2.0,0.8,0.44,9,0.7205,0.27949999999999997,0.7205,0.27949999999999997,-0.41085031831767693,1321.732134103775,Q1_finite_size,,,,,
Q1c4-011,exp_Q1c4_finite_size_scaling,2.0,0.8,0.46,0,0.619,0.381,0.619,0.381,-0.30182385106379767,1323.606402873993,Q1_finite_size,,,,,
Q1c4-012,exp_Q1c4_finite_size_scaling,2.0,0.8,0.46,1,0.5748,0.4252,0.5748,0.4252,-0.2954921741265452,1321.9867630004883,Q1_finite_size,,,,,
Q1c4-013,exp_Q1c4_finite_size_scaling,2.0,0.8,0.46,2,0.5443,0.4557,0.5443,0.4557,-0.34012286442750406,1322.4674367904663,Q1_finite_size,,,,,
Q1c4-014,exp_Q1c4_finite_size_scaling,2.0,0.8,0.46,3,0.6616,0.33840000000000003,0.6616,0.33840000000000003,-0.40011065979032623,1322.8188245296478,Q1_finite_size,,,,,
Q1c4-015,exp_Q1c4_finite_size_scaling,2.0,0.8,0.46,4,0.6214,0.37860000000000005,0.6214,0.37860000000000005,-0.2817722211527217,1322.784942150116,Q1_finite_size,,,,,
Q1c4-016,exp_Q1c4_finite_size_scaling,2.0,0.8,0.46,5,0.7033,0.29669999999999996,0.7033,0.29669999999999996,-0.3513769108079711,1320.8313927650452,Q1_finite_size,,,,,
Q1c4-017,exp_Q1c4_finite_size_scaling,2.0,0.8,0.46,6,0.6012,0.39880000000000004,0.6012,0.39880000000000004,-0.34911446812328634,1322.1122477054596,Q1_finite_size,,,,,
Q1c4-018,exp_Q1c4_finite_size_scaling,2.0,0.8,0.46,7,0.5958,0.4042,0.5958,0.4042,-0.29173723633733706,1321.8750267028809,Q1_finite_size,,,,,
Q1c4-019,exp_Q1c4_finite_size_scaling,2.0,0.8,0.46,8,0.5871,0.41290000000000004,0.5871,0.41290000000000004,-0.2565048722105638,1324.7229206562042,Q1_finite_size,,,,,
Q1c4-020,exp_Q1c4_finite_size_scaling,2.0,0.8,0.46,9,0.5835,0.4165,0.5835,0.4165,-0.30823263372420523,1323.773604631424,Q1_finite_size,,,,,
Q2-001,exp_Q2_hysteresis,,0.4,,0,,,,,,684.6674127578735,Q2_hysteresis,fixed_ordered,0.8925,0.10750000000000004,,
Q2-002,exp_Q2_hysteresis,,0.4,,1,,,,,,687.9387514591217,Q2_hysteresis,fixed_ordered,0.8926,0.10740000000000005,,
Q2-003,exp_Q2_hysteresis,,0.4,,2,,,,,,691.355859041214,Q2_hysteresis,fixed_ordered,0.8912,0.10880000000000001,,
Q2-004,exp_Q2_hysteresis,,0.4,,3,,,,,,691.5723900794983,Q2_hysteresis,fixed_ordered,0.8901,0.1099,,
Q2-005,exp_Q2_hysteresis,,0.4,,4,,,,,,701.8005273342133,Q2_hysteresis,fixed_ordered,0.8883,0.11170000000000002,,
Q2-006,exp_Q2_hysteresis,,0.8,,0,,,,,,691.6666131019592,Q2_hysteresis,fixed_ordered,0.7834,0.21660000000000001,,
Q2-007,exp_Q2_hysteresis,,0.8,,1,,,,,,689.5234282016754,Q2_hysteresis,fixed_ordered,0.7633,0.23670000000000002,,
Q2-008,exp_Q2_hysteresis,,0.8,,2,,,,,,691.3842082023621,Q2_hysteresis,fixed_ordered,0.7778,0.22219999999999995,,
Q2-009,exp_Q2_hysteresis,,0.8,,3,,,,,,692.9066209793091,Q2_hysteresis,fixed_ordered,0.7748,0.22519999999999996,,
Q2-010,exp_Q2_hysteresis,,0.8,,4,,,,,,691.5560607910156,Q2_hysteresis,fixed_ordered,0.7809,0.21909999999999996,,
Q2-011,exp_Q2_hysteresis,,0.4,,0,,,,,,689.9522392749786,Q2_hysteresis,fixed_collapse,0.5013,0.49870000000000003,,
Q2-012,exp_Q2_hysteresis,,0.4,,1,,,,,,691.069097995758,Q2_hysteresis,fixed_collapse,0.1,0.9,,
Q2-013,exp_Q2_hysteresis,,0.4,,2,,,,,,690.343798160553,Q2_hysteresis,fixed_collapse,0.3547,0.6453,,
Q2-014,exp_Q2_hysteresis,,0.4,,3,,,,,,692.0876047611237,Q2_hysteresis,fixed_collapse,0.5499,0.45009999999999994,,
Q2-015,exp_Q2_hysteresis,,0.4,,4,,,,,,689.5946729183197,Q2_hysteresis,fixed_collapse,0.2712,0.7288,,
Q2-016,exp_Q2_hysteresis,,0.8,,0,,,,,,703.024739742279,Q2_hysteresis,fixed_collapse,0.1,0.9,,
Q2-017,exp_Q2_hysteresis,,0.8,,1,,,,,,692.3876614570618,Q2_hysteresis,fixed_collapse,0.4015,0.5985,,
Q2-018,exp_Q2_hysteresis,,0.8,,2,,,,,,690.0400369167328,Q2_hysteresis,fixed_collapse,0.1,0.9,,
Q2-019,exp_Q2_hysteresis,,0.8,,3,,,,,,690.634973526001,Q2_hysteresis,fixed_collapse,0.1,0.9,,
Q2-020,exp_Q2_hysteresis,,0.8,,4,,,,,,691.0243957042694,Q2_hysteresis,fixed_collapse,0.3119,0.6880999999999999,,
Q2-021,exp_Q2_hysteresis,,0.4,,0,,,,,,689.6086318492889,Q2_hysteresis,quench_to_collapse,0.8696,0.13039999999999996,,
Q2-022,exp_Q2_hysteresis,,0.4,,1,,,,,,694.907016992569,Q2_hysteresis,quench_to_collapse,0.8683,0.13170000000000004,,
Q2-023,exp_Q2_hysteresis,,0.4,,2,,,,,,695.5734848976135,Q2_hysteresis,quench_to_collapse,0.8692,0.13080000000000003,,
Q2-024,exp_Q2_hysteresis,,0.4,,3,,,,,,695.6509602069855,Q2_hysteresis,quench_to_collapse,0.8659,0.1341,,
Q2-025,exp_Q2_hysteresis,,0.4,,4,,,,,,690.613098859787,Q2_hysteresis,quench_to_collapse,0.8722,0.12780000000000002,,
Q2-026,exp_Q2_hysteresis,,0.8,,0,,,,,,692.7453460693359,Q2_hysteresis,quench_to_collapse,0.7089,0.2911,,
Q2-027,exp_Q2_hysteresis,,0.8,,1,,,,,,690.5829706192017,Q2_hysteresis,quench_to_collapse,0.6983,0.30169999999999997,,
Q2-028,exp_Q2_hysteresis,,0.8,,2,,,,,,695.2791767120361,Q2_hysteresis,quench_to_collapse,0.729,0.271,,
Q2-029,exp_Q2_hysteresis,,0.8,,3,,,,,,684.5554492473602,Q2_hysteresis,quench_to_collapse,0.7329,0.2671,,
Q2-030,exp_Q2_hysteresis,,0.8,,4,,,,,,679.2686834335327,Q2_hysteresis,quench_to_collapse,0.5301,0.4699,,
Q2-031,exp_Q2_hysteresis,,0.4,,0,,,,,,680.9458050727844,Q2_hysteresis,quench_to_ordered,0.7901,0.20989999999999998,,
Q2-032,exp_Q2_hysteresis,,0.4,,1,,,,,,680.7959208488464,Q2_hysteresis,quench_to_ordered,0.1,0.9,,
Q2-033,exp_Q2_hysteresis,,0.4,,2,,,,,,680.1445999145508,Q2_hysteresis,quench_to_ordered,0.7512,0.24880000000000002,,
Q2-034,exp_Q2_hysteresis,,0.4,,3,,,,,,686.0027852058411,Q2_hysteresis,quench_to_ordered,0.7842,0.2158,,
Q2-035,exp_Q2_hysteresis,,0.4,,4,,,,,,679.2258174419403,Q2_hysteresis,quench_to_ordered,0.7442,0.2558,,
Q2-036,exp_Q2_hysteresis,,0.8,,0,,,,,,679.3752818107605,Q2_hysteresis,quench_to_ordered,0.2492,0.7508,,
Q2-037,exp_Q2_hysteresis,,0.8,,1,,,,,,682.2394397258759,Q2_hysteresis,quench_to_ordered,0.2605,0.7395,,
Q2-038,exp_Q2_hysteresis,,0.8,,2,,,,,,691.4069368839264,Q2_hysteresis,quench_to_ordered,0.4643,0.5357000000000001,,
Q2-039,exp_Q2_hysteresis,,0.8,,3,,,,,,681.1373586654663,Q2_hysteresis,quench_to_ordered,0.3658,0.6342,,
Q2-040,exp_Q2_hysteresis,,0.8,,4,,,,,,682.7505164146423,Q2_hysteresis,quench_to_ordered,0.4344,0.5656,,
Q2-041,exp_Q2_hysteresis,,0.4,,0,,,,,,682.8822824954987,Q2_hysteresis,ramp_up,0.8866,0.11339999999999995,,
Q2-042,exp_Q2_hysteresis,,0.4,,1,,,,,,683.1128063201904,Q2_hysteresis,ramp_up,0.8875,0.11250000000000004,,
Q2-043,exp_Q2_hysteresis,,0.4,,2,,,,,,682.2143707275391,Q2_hysteresis,ramp_up,0.8797,0.12029999999999996,,
Q2-044,exp_Q2_hysteresis,,0.4,,3,,,,,,682.5475680828094,Q2_hysteresis,ramp_up,0.8854,0.11460000000000004,,
Q2-045,exp_Q2_hysteresis,,0.4,,4,,,,,,695.5194935798645,Q2_hysteresis,ramp_up,0.8853,0.11470000000000002,,
Q2-046,exp_Q2_hysteresis,,0.8,,0,,,,,,687.7730097770691,Q2_hysteresis,ramp_up,0.8133,0.18669999999999998,,
Q2-047,exp_Q2_hysteresis,,0.8,,1,,,,,,685.470456123352,Q2_hysteresis,ramp_up,0.7969,0.20309999999999995,,
Q2-048,exp_Q2_hysteresis,,0.8,,2,,,,,,685.6041216850281,Q2_hysteresis,ramp_up,0.8056,0.19440000000000002,,
Q2-049,exp_Q2_hysteresis,,0.8,,3,,,,,,686.0207450389862,Q2_hysteresis,ramp_up,0.7896,0.21040000000000003,,
Q2-050,exp_Q2_hysteresis,,0.8,,4,,,,,,684.1863813400269,Q2_hysteresis,ramp_up,0.8073,0.19269999999999998,,
Q2-051,exp_Q2_hysteresis,,0.4,,0,,,,,,685.2703404426575,Q2_hysteresis,ramp_down,0.5783,0.42169999999999996,,
Q2-052,exp_Q2_hysteresis,,0.4,,1,,,,,,683.9334337711334,Q2_hysteresis,ramp_down,0.6319,0.3681,,
Q2-053,exp_Q2_hysteresis,,0.4,,2,,,,,,683.1458294391632,Q2_hysteresis,ramp_down,0.6521,0.3479,,
Q2-054,exp_Q2_hysteresis,,0.4,,3,,,,,,683.436286687851,Q2_hysteresis,ramp_down,0.5994,0.40059999999999996,,
Q2-055,exp_Q2_hysteresis,,0.4,,4,,,,,,683.297732591629,Q2_hysteresis,ramp_down,0.6252,0.3748,,
Q2-056,exp_Q2_hysteresis,,0.8,,0,,,,,,691.7383706569672,Q2_hysteresis,ramp_down,0.409,0.591,,
Q2-057,exp_Q2_hysteresis,,0.8,,1,,,,,,684.5929179191589,Q2_hysteresis,ramp_down,0.3893,0.6107,,
Q2-058,exp_Q2_hysteresis,,0.8,,2,,,,,,682.0382735729218,Q2_hysteresis,ramp_down,0.4348,0.5651999999999999,,
Q2-059,exp_Q2_hysteresis,,0.8,,3,,,,,,681.7980153560638,Q2_hysteresis,ramp_down,0.3743,0.6256999999999999,,
Q2-060,exp_Q2_hysteresis,,0.8,,4,,,,,,681.80983710289,Q2_hysteresis,ramp_down,0.4626,0.5374,,
Q3a-001,exp_Q3a_lr_lambda_interaction,,0.4,0.3,0,0.8982,0.1018,0.9025,0.09750000000000003,-0.07332478977985261,607.4041471481323,Q3_lr_lambda,,,,0.05,
Q3a-002,exp_Q3a_lr_lambda_interaction,,0.4,0.3,1,0.8931,0.1069,0.8969,0.10309999999999997,-0.07840094707785376,608.0660901069641,Q3_lr_lambda,,,,0.05,
Q3a-003,exp_Q3a_lr_lambda_interaction,,0.4,0.3,2,0.8936,0.10640000000000005,0.898,0.10199999999999998,-0.07979915923302654,608.2511398792267,Q3_lr_lambda,,,,0.05,
Q3a-004,exp_Q3a_lr_lambda_interaction,,0.4,0.3,3,0.896,0.10399999999999998,0.8985,0.10150000000000003,-0.07824141602924158,607.7447218894958,Q3_lr_lambda,,,,0.05,
Q3a-005,exp_Q3a_lr_lambda_interaction,,0.4,0.3,4,0.8963,0.10370000000000001,0.8979,0.10209999999999997,-0.07919259168606932,607.8034453392029,Q3_lr_lambda,,,,0.05,
Q3a-006,exp_Q3a_lr_lambda_interaction,,0.4,0.35,0,0.9008,0.09919999999999995,0.9039,0.09609999999999996,-0.10763975142261041,606.6618371009827,Q3_lr_lambda,,,,0.05,
Q3a-007,exp_Q3a_lr_lambda_interaction,,0.4,0.35,1,0.9022,0.0978,0.9022,0.0978,-0.10392240433148002,622.115371465683,Q3_lr_lambda,,,,0.05,
Q3a-008,exp_Q3a_lr_lambda_interaction,,0.4,0.35,2,0.9025,0.09750000000000003,0.9025,0.09750000000000003,-0.1026136036606729,614.0310912132263,Q3_lr_lambda,,,,0.05,
Q3a-009,exp_Q3a_lr_lambda_interaction,,0.4,0.35,3,0.9007,0.09930000000000005,0.901,0.09899999999999998,-0.10672754622941508,609.7002816200256,Q3_lr_lambda,,,,0.05,
Q3a-010,exp_Q3a_lr_lambda_interaction,,0.4,0.35,4,0.8972,0.1028,0.8988,0.10119999999999996,-0.10858702423731971,608.0960607528687,Q3_lr_lambda,,,,0.05,
Q3a-011,exp_Q3a_lr_lambda_interaction,,0.4,0.45,0,0.8935,0.10650000000000004,0.8937,0.10629999999999995,-0.1647307929738124,608.9190785884857,Q3_lr_lambda,,,,0.05,
Q3a-012,exp_Q3a_lr_lambda_interaction,,0.4,0.45,1,0.8865,0.11350000000000005,0.8865,0.11350000000000005,-0.16503246313114223,609.4157881736755,Q3_lr_lambda,,,,0.05,
Q3a-013,exp_Q3a_lr_lambda_interaction,,0.4,0.45,2,0.8884,0.11160000000000003,0.8884,0.11160000000000003,-0.15035099346414318,609.3439016342163,Q3_lr_lambda,,,,0.05,
Q3a-014,exp_Q3a_lr_lambda_interaction,,0.4,0.45,3,0.8913,0.10870000000000002,0.8913,0.10870000000000002,-0.15260074975234528,608.9709932804108,Q3_lr_lambda,,,,0.05,
Q3a-015,exp_Q3a_lr_lambda_interaction,,0.4,0.45,4,0.8873,0.11270000000000002,0.8879,0.11209999999999998,-0.14010385081764162,610.4060838222504,Q3_lr_lambda,,,,0.05,
Q3a-016,exp_Q3a_lr_lambda_interaction,,0.4,0.5,0,0.8754,0.12460000000000004,0.8761,0.12390000000000001,-0.1779050727754508,607.9247922897339,Q3_lr_lambda,,,,0.05,
Q3a-017,exp_Q3a_lr_lambda_interaction,,0.4,0.5,1,0.8759,0.12409999999999999,0.8759,0.12409999999999999,-0.1626836402543015,609.9608743190765,Q3_lr_lambda,,,,0.05,
Q3a-018,exp_Q3a_lr_lambda_interaction,,0.4,0.5,2,0.8794,0.12060000000000004,0.8794,0.12060000000000004,-0.1667679336730555,609.6073262691498,Q3_lr_lambda,,,,0.05,
Q3a-019,exp_Q3a_lr_lambda_interaction,,0.4,0.5,3,0.8713,0.12870000000000004,0.8718,0.12819999999999998,-0.15084993632563465,607.1884882450104,Q3_lr_lambda,,,,0.05,
Q3a-020,exp_Q3a_lr_lambda_interaction,,0.4,0.5,4,0.8765,0.12350000000000005,0.8765,0.12350000000000005,-0.1354077449257186,606.2298476696014,Q3_lr_lambda,,,,0.05,
Q3a-021,exp_Q3a_lr_lambda_interaction,,0.4,0.6,0,0.86,0.14,0.86,0.14,-0.13910949632305977,606.3622374534607,Q3_lr_lambda,,,,0.05,
Q3a-022,exp_Q3a_lr_lambda_interaction,,0.4,0.6,1,0.8534,0.14659999999999995,0.8535,0.14649999999999996,-0.11894996734647846,607.8937783241272,Q3_lr_lambda,,,,0.05,
Q3a-023,exp_Q3a_lr_lambda_interaction,,0.4,0.6,2,0.852,0.14800000000000002,0.852,0.14800000000000002,-0.12078329597821352,609.9569897651672,Q3_lr_lambda,,,,0.05,
Q3a-024,exp_Q3a_lr_lambda_interaction,,0.4,0.6,3,0.8465,0.15349999999999997,0.8465,0.15349999999999997,-0.10328206257217526,607.8156499862671,Q3_lr_lambda,,,,0.05,
Q3a-025,exp_Q3a_lr_lambda_interaction,,0.4,0.6,4,0.8468,0.1532,0.8468,0.1532,-0.1176071079340122,619.6527490615845,Q3_lr_lambda,,,,0.05,
Q3a-026,exp_Q3a_lr_lambda_interaction,,0.4,0.3,0,0.891,0.10899999999999999,0.8949,0.10509999999999997,-0.10578756446849315,615.2331857681274,Q3_lr_lambda,,,,0.1,
Q3a-027,exp_Q3a_lr_lambda_interaction,,0.4,0.3,1,0.8904,0.10960000000000003,0.8922,0.1078,-0.11543515392839736,608.3522148132324,Q3_lr_lambda,,,,0.1,
Q3a-028,exp_Q3a_lr_lambda_interaction,,0.4,0.3,2,0.8899,0.11009999999999998,0.8911,0.1089,-0.10653831822201769,607.3043880462646,Q3_lr_lambda,,,,0.1,
Q3a-029,exp_Q3a_lr_lambda_interaction,,0.4,0.3,3,0.8851,0.1149,0.8885,0.11150000000000004,-0.10535669385361629,606.3948531150818,Q3_lr_lambda,,,,0.1,
Q3a-030,exp_Q3a_lr_lambda_interaction,,0.4,0.3,4,0.8889,0.11109999999999998,0.8935,0.10650000000000004,-0.10967104127920738,608.4696233272552,Q3_lr_lambda,,,,0.1,
Q3a-031,exp_Q3a_lr_lambda_interaction,,0.4,0.35,0,0.8856,0.11439999999999995,0.8899,0.11009999999999998,-0.15663021923882092,610.3091697692871,Q3_lr_lambda,,,,0.1,
Q3a-032,exp_Q3a_lr_lambda_interaction,,0.4,0.35,1,0.8925,0.10750000000000004,0.8929,0.10709999999999997,-0.16550102928876687,608.068675994873,Q3_lr_lambda,,,,0.1,
Q3a-033,exp_Q3a_lr_lambda_interaction,,0.4,0.35,2,0.8912,0.10880000000000001,0.892,0.10799999999999998,-0.17252896218451347,609.3361995220184,Q3_lr_lambda,,,,0.1,
Q3a-034,exp_Q3a_lr_lambda_interaction,,0.4,0.35,3,0.888,0.11199999999999999,0.8896,0.11040000000000005,-0.16196249357027323,642.2067863941193,Q3_lr_lambda,,,,0.1,
Q3a-035,exp_Q3a_lr_lambda_interaction,,0.4,0.35,4,0.8904,0.10960000000000003,0.8904,0.10960000000000003,-0.16483697799043623,642.9868063926697,Q3_lr_lambda,,,,0.1,
Q3a-036,exp_Q3a_lr_lambda_interaction,,0.4,0.45,0,0.8732,0.12680000000000002,0.8732,0.12680000000000002,-0.17310600831251763,643.1786587238312,Q3_lr_lambda,,,,0.1,
Q3a-037,exp_Q3a_lr_lambda_interaction,,0.4,0.45,1,0.8678,0.13219999999999998,0.8678,0.13219999999999998,-0.16497672515013725,643.806916475296,Q3_lr_lambda,,,,0.1,
Q3a-038,exp_Q3a_lr_lambda_interaction,,0.4,0.45,2,0.8699,0.1301,0.8699,0.1301,-0.16395593210800885,643.5230920314789,Q3_lr_lambda,,,,0.1,
Q3a-039,exp_Q3a_lr_lambda_interaction,,0.4,0.45,3,0.862,0.138,0.862,0.138,-0.14249935289917925,643.0267958641052,Q3_lr_lambda,,,,0.1,
Q3a-040,exp_Q3a_lr_lambda_interaction,,0.4,0.45,4,0.8604,0.13959999999999995,0.8604,0.13959999999999995,-0.14941394764767268,653.5633175373077,Q3_lr_lambda,,,,0.1,
Q3a-041,exp_Q3a_lr_lambda_interaction,,0.4,0.5,0,0.708,0.29200000000000004,0.708,0.29200000000000004,-0.03205265909233202,647.2304062843323,Q3_lr_lambda,,,,0.1,
Q3a-042,exp_Q3a_lr_lambda_interaction,,0.4,0.5,1,0.7688,0.23119999999999996,0.7688,0.23119999999999996,-0.02744993842282922,644.5406551361084,Q3_lr_lambda,,,,0.1,
Q3a-043,exp_Q3a_lr_lambda_interaction,,0.4,0.5,2,0.732,0.268,0.732,0.268,-0.018120290317616604,644.2404088973999,Q3_lr_lambda,,,,0.1,
Q3a-044,exp_Q3a_lr_lambda_interaction,,0.4,0.5,3,0.4277,0.5723,0.4277,0.5723,-0.05067106477583032,644.6079425811768,Q3_lr_lambda,,,,0.1,
Q3a-045,exp_Q3a_lr_lambda_interaction,,0.4,0.5,4,0.7441,0.2559,0.7441,0.2559,-0.030692051287309258,644.4558446407318,Q3_lr_lambda,,,,0.1,
Q3a-046,exp_Q3a_lr_lambda_interaction,,0.4,0.6,0,0.2445,0.7555000000000001,0.2445,0.7555000000000001,-0.007211580963906886,644.6034183502197,Q3_lr_lambda,,,,0.1,
Q3a-047,exp_Q3a_lr_lambda_interaction,,0.4,0.6,1,0.1,0.9,0.1163,0.8837,0.12674999056566014,643.7543613910675,Q3_lr_lambda,,,,0.1,
Q3a-048,exp_Q3a_lr_lambda_interaction,,0.4,0.6,2,0.1,0.9,0.1509,0.8491,0.12881314213709,643.8206613063812,Q3_lr_lambda,,,,0.1,
Q3a-049,exp_Q3a_lr_lambda_interaction,,0.4,0.6,3,0.3505,0.6495,0.3505,0.6495,0.016639823314320408,644.1860296726227,Q3_lr_lambda,,,,0.1,
Q3a-050,exp_Q3a_lr_lambda_interaction,,0.4,0.6,4,0.1,0.9,0.1647,0.8352999999999999,0.1245935746479384,644.571298122406,Q3_lr_lambda,,,,0.1,
Q3a-051,exp_Q3a_lr_lambda_interaction,,0.4,0.3,0,0.8735,0.12649999999999995,0.8776,0.12239999999999995,-0.15594088830911776,644.0706360340118,Q3_lr_lambda,,,,0.2,
Q3a-052,exp_Q3a_lr_lambda_interaction,,0.4,0.3,1,0.875,0.125,0.8792,0.12080000000000002,-0.1565419632901808,644.6309065818787,Q3_lr_lambda,,,,0.2,
Q3a-053,exp_Q3a_lr_lambda_interaction,,0.4,0.3,2,0.8805,0.11950000000000005,0.8824,0.11760000000000004,-0.1583681280273506,643.9095721244812,Q3_lr_lambda,,,,0.2,
Q3a-054,exp_Q3a_lr_lambda_interaction,,0.4,0.3,3,0.8747,0.12529999999999997,0.8783,0.12170000000000003,-0.1599868846873513,644.1841883659363,Q3_lr_lambda,,,,0.2,
Q3a-055,exp_Q3a_lr_lambda_interaction,,0.4,0.3,4,0.8748,0.12519999999999998,0.8751,0.12490000000000001,-0.15902918499625082,644.2519154548645,Q3_lr_lambda,,,,0.2,
Q3a-056,exp_Q3a_lr_lambda_interaction,,0.4,0.35,0,0.8658,0.13419999999999999,0.8658,0.13419999999999999,-0.19857730110532576,643.9007968902588,Q3_lr_lambda,,,,0.2,
Q3a-057,exp_Q3a_lr_lambda_interaction,,0.4,0.35,1,0.8682,0.13180000000000003,0.8692,0.13080000000000003,-0.20260122572662834,644.5654413700104,Q3_lr_lambda,,,,0.2,
Q3a-058,exp_Q3a_lr_lambda_interaction,,0.4,0.35,2,0.8703,0.12970000000000004,0.8706,0.12939999999999996,-0.199658049924153,653.1670572757721,Q3_lr_lambda,,,,0.2,
Q3a-059,exp_Q3a_lr_lambda_interaction,,0.4,0.35,3,0.8671,0.13290000000000002,0.868,0.132,-0.20192646484164528,643.9108793735504,Q3_lr_lambda,,,,0.2,
Q3a-060,exp_Q3a_lr_lambda_interaction,,0.4,0.35,4,0.8678,0.13219999999999998,0.8691,0.13090000000000002,-0.19696210715588308,644.087602853775,Q3_lr_lambda,,,,0.2,
Q3a-061,exp_Q3a_lr_lambda_interaction,,0.4,0.45,0,0.1,0.9,0.1012,0.8988,0.03932437894148372,643.6663353443146,Q3_lr_lambda,,,,0.2,
Q3a-062,exp_Q3a_lr_lambda_interaction,,0.4,0.45,1,0.1,0.9,0.169,0.831,0.01102510091506256,643.852545261383,Q3_lr_lambda,,,,0.2,
Q3a-063,exp_Q3a_lr_lambda_interaction,,0.4,0.45,2,0.1,0.9,0.169,0.831,0.026419969423459037,643.503312587738,Q3_lr_lambda,,,,0.2,
Q3a-064,exp_Q3a_lr_lambda_interaction,,0.4,0.45,3,0.1,0.9,0.1649,0.8351,0.02808097985009449,643.711056470871,Q3_lr_lambda,,,,0.2,
Q3a-065,exp_Q3a_lr_lambda_interaction,,0.4,0.45,4,0.1,0.9,0.1517,0.8483,0.01967826119291463,643.2507970333099,Q3_lr_lambda,,,,0.2,
Q3a-066,exp_Q3a_lr_lambda_interaction,,0.4,0.5,0,0.1,0.9,0.1424,0.8576,0.06367124972330425,643.6398096084595,Q3_lr_lambda,,,,0.2,
Q3a-067,exp_Q3a_lr_lambda_interaction,,0.4,0.5,1,0.1,0.9,0.1126,0.8874,0.06465331596581322,643.4280385971069,Q3_lr_lambda,,,,0.2,
Q3a-068,exp_Q3a_lr_lambda_interaction,,0.4,0.5,2,0.1,0.9,0.1458,0.8542,0.06198001777736009,643.130172252655,Q3_lr_lambda,,,,0.2,
Q3a-069,exp_Q3a_lr_lambda_interaction,,0.4,0.5,3,0.1,0.9,0.157,0.843,0.061638243715344126,643.7929651737213,Q3_lr_lambda,,,,0.2,
Q3a-070,exp_Q3a_lr_lambda_interaction,,0.4,0.5,4,0.1,0.9,0.1275,0.8725,0.0612866401799351,643.835437297821,Q3_lr_lambda,,,,0.2,
Q3a-071,exp_Q3a_lr_lambda_interaction,,0.4,0.6,0,0.1,0.9,0.1215,0.8785000000000001,0.1349616969352688,644.0303757190704,Q3_lr_lambda,,,,0.2,
Q3a-072,exp_Q3a_lr_lambda_interaction,,0.4,0.6,1,0.1,0.9,0.1,0.9,0.14470385759161922,643.9535667896271,Q3_lr_lambda,,,,0.2,
Q3a-073,exp_Q3a_lr_lambda_interaction,,0.4,0.6,2,0.1,0.9,0.1,0.9,0.13349168087778987,643.7017250061035,Q3_lr_lambda,,,,0.2,
Q3a-074,exp_Q3a_lr_lambda_interaction,,0.4,0.6,3,0.1,0.9,0.1344,0.8656,0.13000965495014513,643.5970554351807,Q3_lr_lambda,,,,0.2,
Q3a-075,exp_Q3a_lr_lambda_interaction,,0.4,0.6,4,0.1,0.9,0.1609,0.8391,0.13500041435108573,646.1039681434631,Q3_lr_lambda,,,,0.2,
Q3b-001,exp_Q3b_lr_lambda_interaction,,0.8,0.3,0,0.7845,0.21550000000000002,0.7881,0.21189999999999998,-0.24121696115089508,2080.315665960312,Q3_lr_lambda,,,,0.05,
Q3b-002,exp_Q3b_lr_lambda_interaction,,0.8,0.3,1,0.7797,0.22030000000000005,0.7802,0.2198,-0.244446084769116,2083.6944320201874,Q3_lr_lambda,,,,0.05,
Q3b-003,exp_Q3b_lr_lambda_interaction,,0.8,0.3,2,0.7906,0.20940000000000003,0.794,0.20599999999999996,-0.24081900808656687,2085.289703607559,Q3_lr_lambda,,,,0.05,
Q3b-004,exp_Q3b_lr_lambda_interaction,,0.8,0.3,3,0.7833,0.2167,0.7851,0.21489999999999998,-0.24416092091126543,2082.008814096451,Q3_lr_lambda,,,,0.05,
Q3b-005,exp_Q3b_lr_lambda_interaction,,0.8,0.3,4,0.7864,0.2136,0.7868,0.21319999999999995,-0.2489204299777012,2083.8947010040283,Q3_lr_lambda,,,,0.05,
Q3b-006,exp_Q3b_lr_lambda_interaction,,0.8,0.35,0,0.8056,0.19440000000000002,0.807,0.19299999999999995,-0.31162028223707944,2085.0785608291626,Q3_lr_lambda,,,,0.05,
Q3b-007,exp_Q3b_lr_lambda_interaction,,0.8,0.35,1,0.809,0.19099999999999995,0.809,0.19099999999999995,-0.31459528628416,2083.934981107712,Q3_lr_lambda,,,,0.05,
Q3b-008,exp_Q3b_lr_lambda_interaction,,0.8,0.35,2,0.8174,0.18259999999999998,0.8174,0.18259999999999998,-0.3130417168502962,2079.6771383285522,Q3_lr_lambda,,,,0.05,
Q3b-009,exp_Q3b_lr_lambda_interaction,,0.8,0.35,3,0.8098,0.19020000000000004,0.8105,0.1895,-0.32695034141048823,2079.019505262375,Q3_lr_lambda,,,,0.05,
Q3b-010,exp_Q3b_lr_lambda_interaction,,0.8,0.35,4,0.8115,0.1885,0.8119,0.18810000000000004,-0.3224281948153048,2085.1442811489105,Q3_lr_lambda,,,,0.05,
Q3b-011,exp_Q3b_lr_lambda_interaction,,0.8,0.45,0,0.8087,0.19130000000000003,0.8087,0.19130000000000003,-0.48728038908868593,2085.992048025131,Q3_lr_lambda,,,,0.05,
Q3b-012,exp_Q3b_lr_lambda_interaction,,0.8,0.45,1,0.8133,0.18669999999999998,0.8133,0.18669999999999998,-0.4604338652841575,2087.1907110214233,Q3_lr_lambda,,,,0.05,
Q3b-013,exp_Q3b_lr_lambda_interaction,,0.8,0.45,2,0.8189,0.18110000000000004,0.8189,0.18110000000000004,-0.5065028381077764,609.1436531543732,Q3_lr_lambda,,,,0.05,
Q3b-014,exp_Q3b_lr_lambda_interaction,,0.8,0.45,3,0.8227,0.1773,0.8227,0.1773,-0.4772075097659622,608.4224128723145,Q3_lr_lambda,,,,0.05,
Q3b-015,exp_Q3b_lr_lambda_interaction,,0.8,0.45,4,0.8115,0.1885,0.8115,0.1885,-0.4891448979155512,608.6785848140717,Q3_lr_lambda,,,,0.05,
Q3b-016,exp_Q3b_lr_lambda_interaction,,0.8,0.5,0,0.8114,0.1886,0.8114,0.1886,-0.513791478274352,609.2088840007782,Q3_lr_lambda,,,,0.05,
Q3b-017,exp_Q3b_lr_lambda_interaction,,0.8,0.5,1,0.8215,0.1785,0.8215,0.1785,-0.5243175030921168,608.6877813339233,Q3_lr_lambda,,,,0.05,
Q3b-018,exp_Q3b_lr_lambda_interaction,,0.8,0.5,2,0.7985,0.2015,0.7985,0.2015,-0.5051229617270113,608.872994184494,Q3_lr_lambda,,,,0.05,
Q3b-019,exp_Q3b_lr_lambda_interaction,,0.8,0.5,3,0.7935,0.20650000000000002,0.7935,0.20650000000000002,-0.4863210420778535,625.9429793357849,Q3_lr_lambda,,,,0.05,
Q3b-020,exp_Q3b_lr_lambda_interaction,,0.8,0.5,4,0.8214,0.17859999999999998,0.8214,0.17859999999999998,-0.5113906708737593,614.3717966079712,Q3_lr_lambda,,,,0.05,
Q3b-021,exp_Q3b_lr_lambda_interaction,,0.8,0.6,0,0.7637,0.23629999999999995,0.7637,0.23629999999999995,-0.35843360182338585,609.9077582359314,Q3_lr_lambda,,,,0.05,
Q3b-022,exp_Q3b_lr_lambda_interaction,,0.8,0.6,1,0.7902,0.2098,0.7902,0.2098,-0.3559709829533215,611.0874924659729,Q3_lr_lambda,,,,0.05,
Q3b-023,exp_Q3b_lr_lambda_interaction,,0.8,0.6,2,0.7478,0.2522,0.7478,0.2522,-0.3476258216990985,610.6208040714264,Q3_lr_lambda,,,,0.05,
Q3b-024,exp_Q3b_lr_lambda_interaction,,0.8,0.6,3,0.7773,0.2227,0.7773,0.2227,-0.3336029801959034,610.485965013504,Q3_lr_lambda,,,,0.05,
Q3b-025,exp_Q3b_lr_lambda_interaction,,0.8,0.6,4,0.7727,0.22729999999999995,0.7727,0.22729999999999995,-0.33867736648556745,611.3394773006439,Q3_lr_lambda,,,,0.05,
Q3b-026,exp_Q3b_lr_lambda_interaction,,0.8,0.3,0,0.7705,0.22950000000000004,0.7713,0.22870000000000001,-0.2833650582751446,609.9295015335083,Q3_lr_lambda,,,,0.1,
Q3b-027,exp_Q3b_lr_lambda_interaction,,0.8,0.3,1,0.7596,0.24039999999999995,0.7604,0.23960000000000004,-0.2864955408578056,609.5932140350342,Q3_lr_lambda,,,,0.1,
Q3b-028,exp_Q3b_lr_lambda_interaction,,0.8,0.3,2,0.7734,0.22660000000000002,0.7747,0.22529999999999994,-0.29031387448831153,609.8545837402344,Q3_lr_lambda,,,,0.1,
Q3b-029,exp_Q3b_lr_lambda_interaction,,0.8,0.3,3,0.7766,0.22340000000000004,0.7799,0.22009999999999996,-0.29172690416032887,609.3074631690979,Q3_lr_lambda,,,,0.1,
Q3b-030,exp_Q3b_lr_lambda_interaction,,0.8,0.3,4,0.7747,0.22529999999999994,0.7797,0.22030000000000005,-0.2820652086129507,609.4355697631836,Q3_lr_lambda,,,,0.1,
Q3b-031,exp_Q3b_lr_lambda_interaction,,0.8,0.35,0,0.7873,0.2127,0.7903,0.2097,-0.36888885584595726,610.4931440353394,Q3_lr_lambda,,,,0.1,
Q3b-032,exp_Q3b_lr_lambda_interaction,,0.8,0.35,1,0.7775,0.22250000000000003,0.7775,0.22250000000000003,-0.36937073464646736,609.5478916168213,Q3_lr_lambda,,,,0.1,
Q3b-033,exp_Q3b_lr_lambda_interaction,,0.8,0.35,2,0.7818,0.21819999999999995,0.7818,0.21819999999999995,-0.3656163719417444,609.8163630962372,Q3_lr_lambda,,,,0.1,
Q3b-034,exp_Q3b_lr_lambda_interaction,,0.8,0.35,3,0.7708,0.22919999999999996,0.772,0.22799999999999998,-0.36760465581280094,613.448511838913,Q3_lr_lambda,,,,0.1,
Q3b-035,exp_Q3b_lr_lambda_interaction,,0.8,0.35,4,0.7809,0.21909999999999996,0.7817,0.21830000000000005,-0.3655684367664353,611.0984945297241,Q3_lr_lambda,,,,0.1,
Q3b-036,exp_Q3b_lr_lambda_interaction,,0.8,0.45,0,0.677,0.32299999999999995,0.677,0.32299999999999995,-0.4375310466466567,611.6034274101257,Q3_lr_lambda,,,,0.1,
Q3b-037,exp_Q3b_lr_lambda_interaction,,0.8,0.45,1,0.6076,0.39239999999999997,0.6076,0.39239999999999997,-0.2967595191008758,622.1817553043365,Q3_lr_lambda,,,,0.1,
Q3b-038,exp_Q3b_lr_lambda_interaction,,0.8,0.45,2,0.622,0.378,0.622,0.378,-0.4031057474530084,610.1322975158691,Q3_lr_lambda,,,,0.1,
Q3b-039,exp_Q3b_lr_lambda_interaction,,0.8,0.45,3,0.5264,0.4736,0.5264,0.4736,-0.3426374741329108,610.7845461368561,Q3_lr_lambda,,,,0.1,
Q3b-040,exp_Q3b_lr_lambda_interaction,,0.8,0.45,4,0.4907,0.5093,0.4907,0.5093,-0.3184968165712661,611.3463950157166,Q3_lr_lambda,,,,0.1,
Q3b-041,exp_Q3b_lr_lambda_interaction,,0.8,0.5,0,0.4791,0.5208999999999999,0.4791,0.5208999999999999,-0.17156462183487078,610.6127555370331,Q3_lr_lambda,,,,0.1,
Q3b-042,exp_Q3b_lr_lambda_interaction,,0.8,0.5,1,0.451,0.5489999999999999,0.451,0.5489999999999999,-0.17974555913595325,609.0462026596069,Q3_lr_lambda,,,,0.1,
Q3b-043,exp_Q3b_lr_lambda_interaction,,0.8,0.5,2,0.1,0.9,0.163,0.837,0.020874411979421727,610.3357377052307,Q3_lr_lambda,,,,0.1,
Q3b-044,exp_Q3b_lr_lambda_interaction,,0.8,0.5,3,0.4406,0.5594,0.4406,0.5594,-0.1704184930575524,608.3565237522125,Q3_lr_lambda,,,,0.1,
Q3b-045,exp_Q3b_lr_lambda_interaction,,0.8,0.5,4,0.4532,0.5468,0.4532,0.5468,-0.13810328849682785,609.887476682663,Q3_lr_lambda,,,,0.1,
Q3b-046,exp_Q3b_lr_lambda_interaction,,0.8,0.6,0,0.1,0.9,0.1393,0.8607,0.12187535389349083,611.5564839839935,Q3_lr_lambda,,,,0.1,
Q3b-047,exp_Q3b_lr_lambda_interaction,,0.8,0.6,1,0.1,0.9,0.1501,0.8499,0.11757003905989319,609.947268486023,Q3_lr_lambda,,,,0.1,
Q3b-048,exp_Q3b_lr_lambda_interaction,,0.8,0.6,2,0.1,0.9,0.1705,0.8295,0.12502909358264758,610.1246891021729,Q3_lr_lambda,,,,0.1,
Q3b-049,exp_Q3b_lr_lambda_interaction,,0.8,0.6,3,0.1,0.9,0.16,0.84,0.11588041165175703,610.5555481910706,Q3_lr_lambda,,,,0.1,
Q3b-050,exp_Q3b_lr_lambda_interaction,,0.8,0.6,4,0.1,0.9,0.1667,0.8333,0.1317831689073723,609.6811811923981,Q3_lr_lambda,,,,0.1,
Q3b-051,exp_Q3b_lr_lambda_interaction,,0.8,0.3,0,0.1897,0.8103,0.1993,0.8007,-0.2968514602890473,609.0333406925201,Q3_lr_lambda,,,,0.2,
Q3b-052,exp_Q3b_lr_lambda_interaction,,0.8,0.3,1,0.1,0.9,0.2145,0.7855,-0.16753630917986181,610.2765281200409,Q3_lr_lambda,,,,0.2,
Q3b-053,exp_Q3b_lr_lambda_interaction,,0.8,0.3,2,0.2385,0.7615000000000001,0.2395,0.7605,-0.28794607393812427,608.8853197097778,Q3_lr_lambda,,,,0.2,
Q3b-054,exp_Q3b_lr_lambda_interaction,,0.8,0.3,3,0.2961,0.7039,0.2961,0.7039,-0.30840492614287746,610.113205909729,Q3_lr_lambda,,,,0.2,
Q3b-055,exp_Q3b_lr_lambda_interaction,,0.8,0.3,4,0.1904,0.8096,0.232,0.768,-0.31157002992789046,617.8395819664001,Q3_lr_lambda,,,,0.2,
Q3b-056,exp_Q3b_lr_lambda_interaction,,0.8,0.35,0,0.1,0.9,0.1916,0.8084,-0.13953688069129105,610.2522215843201,Q3_lr_lambda,,,,0.2,
Q3b-057,exp_Q3b_lr_lambda_interaction,,0.8,0.35,1,0.1,0.9,0.2233,0.7767,-0.13644489189343792,611.8622510433197,Q3_lr_lambda,,,,0.2,
Q3b-058,exp_Q3b_lr_lambda_interaction,,0.8,0.35,2,0.1,0.9,0.1721,0.8279,-0.10445576580330415,610.5448880195618,Q3_lr_lambda,,,,0.2,
Q3b-059,exp_Q3b_lr_lambda_interaction,,0.8,0.35,3,0.1,0.9,0.1822,0.8178,-0.12383614265869257,610.349513053894,Q3_lr_lambda,,,,0.2,
Q3b-060,exp_Q3b_lr_lambda_interaction,,0.8,0.35,4,0.1,0.9,0.2012,0.7988,-0.12583947731355416,609.969767332077,Q3_lr_lambda,,,,0.2,
Q3b-061,exp_Q3b_lr_lambda_interaction,,0.8,0.45,0,0.1,0.9,0.1,0.9,0.03154312893698392,609.7196788787842,Q3_lr_lambda,,,,0.2,
Q3b-062,exp_Q3b_lr_lambda_interaction,,0.8,0.45,1,0.1,0.9,0.1303,0.8697,0.017893849265249683,610.0816707611084,Q3_lr_lambda,,,,0.2,
Q3b-063,exp_Q3b_lr_lambda_interaction,,0.8,0.45,2,0.1,0.9,0.1,0.9,0.03835396439166103,609.6119070053101,Q3_lr_lambda,,,,0.2,
Q3b-064,exp_Q3b_lr_lambda_interaction,,0.8,0.45,3,0.1,0.9,0.1133,0.8867,0.021331091016122346,610.1296150684357,Q3_lr_lambda,,,,0.2,
Q3b-065,exp_Q3b_lr_lambda_interaction,,0.8,0.45,4,0.1,0.9,0.1626,0.8374,0.053882685219162216,609.8887937068939,Q3_lr_lambda,,,,0.2,
Q3b-066,exp_Q3b_lr_lambda_interaction,,0.8,0.5,0,0.1,0.9,0.1306,0.8694,0.054865812125243954,609.5070884227753,Q3_lr_lambda,,,,0.2,
Q3b-067,exp_Q3b_lr_lambda_interaction,,0.8,0.5,1,0.1,0.9,0.1,0.9,0.06399137234345569,610.5808622837067,Q3_lr_lambda,,,,0.2,
Q3b-068,exp_Q3b_lr_lambda_interaction,,0.8,0.5,2,0.1,0.9,0.1,0.9,0.06787002734348122,611.0605249404907,Q3_lr_lambda,,,,0.2,
Q3b-069,exp_Q3b_lr_lambda_interaction,,0.8,0.5,3,0.1,0.9,0.1439,0.8561,0.05662164074766725,610.4390699863434,Q3_lr_lambda,,,,0.2,
Q3b-070,exp_Q3b_lr_lambda_interaction,,0.8,0.5,4,0.1,0.9,0.1059,0.8941,0.0644821051245244,609.7274477481842,Q3_lr_lambda,,,,0.2,
Q3b-071,exp_Q3b_lr_lambda_interaction,,0.8,0.6,0,0.1,0.9,0.1,0.9,0.13337029052156735,611.0904505252838,Q3_lr_lambda,,,,0.2,
Q3b-072,exp_Q3b_lr_lambda_interaction,,0.8,0.6,1,0.1,0.9,0.163,0.837,0.13580568434769164,615.3525006771088,Q3_lr_lambda,,,,0.2,
Q3b-073,exp_Q3b_lr_lambda_interaction,,0.8,0.6,2,0.1,0.9,0.1039,0.8961,0.13621962916967814,616.8917129039764,Q3_lr_lambda,,,,0.2,
Q3b-074,exp_Q3b_lr_lambda_interaction,,0.8,0.6,3,0.1,0.9,0.1,0.9,0.1240870149110486,611.9407472610474,Q3_lr_lambda,,,,0.2,
Q3b-075,exp_Q3b_lr_lambda_interaction,,0.8,0.6,4,0.1,0.9,0.1,0.9,0.13966241752611513,611.1222167015076,Q3_lr_lambda,,,,0.2,
Q4-001,exp_Q4_cos_temporal,,0.4,0.35,0,,,,,,689.8034060001373,Q4_cos_temporal,,0.8891,0.1109,,ordered
Q4-002,exp_Q4_cos_temporal,,0.4,0.35,1,,,,,,689.092129945755,Q4_cos_temporal,,0.8916,0.10840000000000005,,ordered
Q4-003,exp_Q4_cos_temporal,,0.4,0.35,2,,,,,,692.8442950248718,Q4_cos_temporal,,0.8888,0.11119999999999997,,ordered
Q4-004,exp_Q4_cos_temporal,,0.4,0.35,3,,,,,,692.6682851314545,Q4_cos_temporal,,0.8896,0.11040000000000005,,ordered
Q4-005,exp_Q4_cos_temporal,,0.4,0.35,4,,,,,,700.0586173534393,Q4_cos_temporal,,0.8867,0.11329999999999996,,ordered
Q4-006,exp_Q4_cos_temporal,,0.4,0.48,0,,,,,,694.9449274539948,Q4_cos_temporal,,0.7989,0.20109999999999995,,critical
Q4-007,exp_Q4_cos_temporal,,0.4,0.48,1,,,,,,693.3093583583832,Q4_cos_temporal,,0.8263,0.17369999999999997,,critical
Q4-008,exp_Q4_cos_temporal,,0.4,0.48,2,,,,,,692.0908555984497,Q4_cos_temporal,,0.831,0.16900000000000004,,critical
Q4-009,exp_Q4_cos_temporal,,0.4,0.48,3,,,,,,691.5604763031006,Q4_cos_temporal,,0.7927,0.20730000000000004,,critical
Q4-010,exp_Q4_cos_temporal,,0.4,0.48,4,,,,,,691.4973406791687,Q4_cos_temporal,,0.7744,0.22560000000000002,,critical
Q4-011,exp_Q4_cos_temporal,,0.4,0.6,0,,,,,,690.234130859375,Q4_cos_temporal,,0.5587,0.4413,,collapse
Q4-012,exp_Q4_cos_temporal,,0.4,0.6,1,,,,,,691.3687314987183,Q4_cos_temporal,,0.5903,0.40969999999999995,,collapse
Q4-013,exp_Q4_cos_temporal,,0.4,0.6,2,,,,,,691.2637770175934,Q4_cos_temporal,,0.5346,0.46540000000000004,,collapse
Q4-014,exp_Q4_cos_temporal,,0.4,0.6,3,,,,,,690.9716994762421,Q4_cos_temporal,,0.4839,0.5161,,collapse
Q4-015,exp_Q4_cos_temporal,,0.4,0.6,4,,,,,,690.6243059635162,Q4_cos_temporal,,0.5904,0.40959999999999996,,collapse
Q4-016,exp_Q4_cos_temporal,,0.8,0.35,0,,,,,,700.9669275283813,Q4_cos_temporal,,0.7892,0.2108,,ordered
Q4-017,exp_Q4_cos_temporal,,0.8,0.35,1,,,,,,690.4646425247192,Q4_cos_temporal,,0.7739,0.22609999999999997,,ordered
Q4-018,exp_Q4_cos_temporal,,0.8,0.35,2,,,,,,689.591879606247,Q4_cos_temporal,,0.792,0.20799999999999996,,ordered
Q4-019,exp_Q4_cos_temporal,,0.8,0.35,3,,,,,,690.5460398197174,Q4_cos_temporal,,0.7766,0.22340000000000004,,ordered
Q4-020,exp_Q4_cos_temporal,,0.8,0.35,4,,,,,,681.9470438957214,Q4_cos_temporal,,0.7851,0.21489999999999998,,ordered
Q4-021,exp_Q4_cos_temporal,,0.8,0.44,0,,,,,,681.399671792984,Q4_cos_temporal,,0.6834,0.3166,,critical
Q4-022,exp_Q4_cos_temporal,,0.8,0.44,1,,,,,,684.226705789566,Q4_cos_temporal,,0.528,0.472,,critical
Q4-023,exp_Q4_cos_temporal,,0.8,0.44,2,,,,,,686.0172107219696,Q4_cos_temporal,,0.6238,0.3762,,critical
Q4-024,exp_Q4_cos_temporal,,0.8,0.44,3,,,,,,691.9154043197632,Q4_cos_temporal,,0.5458,0.45420000000000005,,critical
Q4-025,exp_Q4_cos_temporal,,0.8,0.44,4,,,,,,684.1383106708527,Q4_cos_temporal,,0.6634,0.3366,,critical
Q4-026,exp_Q4_cos_temporal,,0.8,0.55,0,,,,,,684.0945508480072,Q4_cos_temporal,,0.1,0.9,,collapse
Q4-027,exp_Q4_cos_temporal,,0.8,0.55,1,,,,,,683.6754550933838,Q4_cos_temporal,,0.4789,0.5211,,collapse
Q4-028,exp_Q4_cos_temporal,,0.8,0.55,2,,,,,,684.9409873485565,Q4_cos_temporal,,0.339,0.661,,collapse
Q4-029,exp_Q4_cos_temporal,,0.8,0.55,3,,,,,,683.2428150177002,Q4_cos_temporal,,0.1,0.9,,collapse
Q4-030,exp_Q4_cos_temporal,,0.8,0.55,4,,,,,,684.8824589252472,Q4_cos_temporal,,0.1,0.9,,collapse
